Date,Platform,Hashtag,Sentiment,Count
2020-03-29,Twitter,#FluVaccine,Negative,161
2021-10-28,Instagram,#StayHealthy,Positive,1478
2020-09-23,Twitter,#GetVaccinated,Neutral,1945
2022-02-02,Twitter,#StayHealthy,Neutral,1126
2022-04-11,Instagram,#FluVaccine,Positive,1341
2021-03-13,Facebook,#FluSeason,Positive,180
2021-12-17,Twitter,#GetVaccinated,Negative,1040
2022-03-03,Facebook,#GetVaccinated,Neutral,1330
2021-10-22,Facebook,#FluSeason,Neutral,1320
2020-12-30,Twitter,#StayHealthy,Positive,768
2020-05-05,Facebook,#MeaslesOutbreak,Positive,1142
2021-11-01,Instagram,#MeaslesOutbreak,Positive,298
2021-09-13,Facebook,#GetVaccinated,Positive,802
2021-05-28,Instagram,#FluSeason,Negative,241
2021-07-18,Facebook,#FluSeason,Negative,1985
2021-06-14,Twitter,#FluVaccine,Negative,107
2021-09-13,Facebook,#MeaslesOutbreak,Positive,841
2020-11-23,Twitter,#GetVaccinated,Neutral,606
2022-03-22,Facebook,#MeaslesOutbreak,Neutral,1999
2020-01-25,Facebook,#GetVaccinated,Neutral,1567
2021-03-03,Instagram,#FluSeason,Neutral,923
2021-09-09,Twitter,#StayHealthy,Neutral,936
2021-05-16,Facebook,#GetVaccinated,Negative,1908
2022-04-03,Twitter,#FluSeason,Positive,1355
2021-10-30,Twitter,#StayHealthy,Neutral,114
2021-06-20,Instagram,#FluSeason,Positive,1797
2021-03-29,Twitter,#FluVaccine,Neutral,599
2021-08-24,Instagram,#FluVaccine,Positive,1811
2021-07-22,Instagram,#MeaslesOutbreak,Negative,1439
2022-07-23,Instagram,#FluVaccine,Negative,1116
2020-10-06,Instagram,#MeaslesOutbreak,Negative,1156
2022-01-21,Twitter,#FluSeason,Neutral,1707
2020-12-31,Instagram,#FluVaccine,Positive,338
2020-06-12,Twitter,#GetVaccinated,Neutral,321
2022-09-14,Facebook,#MeaslesOutbreak,Neutral,935
2020-10-29,Facebook,#FluVaccine,Negative,387
2021-03-10,Facebook,#StayHealthy,Neutral,805
2022-06-14,Twitter,#MeaslesOutbreak,Positive,472
2020-02-22,Instagram,#MeaslesOutbreak,Positive,998
2020-06-28,Facebook,#MeaslesOutbreak,Negative,564
2021-09-09,Twitter,#GetVaccinated,Positive,330
2022-04-06,Twitter,#StayHealthy,Neutral,1877
2022-04-03,Facebook,#FluSeason,Neutral,1931
2022-03-29,Twitter,#FluVaccine,Positive,1957
2020-07-22,Instagram,#StayHealthy,Positive,241
2021-05-07,Twitter,#GetVaccinated,Positive,351
2021-07-01,Facebook,#FluSeason,Negative,1055
2022-08-07,Instagram,#MeaslesOutbreak,Negative,561
2020-08-01,Twitter,#FluVaccine,Neutral,760
2020-11-26,Facebook,#FluSeason,Neutral,854
2021-05-11,Instagram,#GetVaccinated,Negative,1710
2021-05-17,Instagram,#FluSeason,Positive,1754
2020-07-07,Twitter,#FluVaccine,Positive,899
2020-06-28,Twitter,#MeaslesOutbreak,Positive,694
2020-09-15,Instagram,#FluSeason,Positive,746
2020-01-14,Twitter,#StayHealthy,Neutral,132
2022-08-25,Facebook,#FluVaccine,Negative,1651
2020-02-12,Twitter,#FluVaccine,Positive,979
2022-05-08,Instagram,#GetVaccinated,Neutral,1381
2020-09-17,Facebook,#GetVaccinated,Neutral,157
2020-11-02,Twitter,#GetVaccinated,Positive,633
2020-04-29,Instagram,#MeaslesOutbreak,Positive,1226
2022-09-14,Facebook,#GetVaccinated,Neutral,1778
2020-08-04,Twitter,#FluSeason,Negative,1000
2021-03-12,Instagram,#FluVaccine,Positive,336
2021-02-02,Facebook,#StayHealthy,Negative,349
2020-11-03,Facebook,#MeaslesOutbreak,Positive,799
2022-06-14,Instagram,#FluSeason,Negative,273
2020-11-16,Twitter,#MeaslesOutbreak,Neutral,1910
2021-11-14,Instagram,#StayHealthy,Negative,1340
2022-05-20,Instagram,#FluSeason,Positive,1621
2022-06-12,Facebook,#FluVaccine,Positive,263
2021-08-21,Facebook,#GetVaccinated,Positive,968
2020-05-01,Twitter,#FluVaccine,Negative,713
2020-04-23,Twitter,#FluSeason,Neutral,439
2022-08-29,Twitter,#GetVaccinated,Neutral,1324
2020-04-24,Instagram,#FluVaccine,Positive,1464
2021-08-24,Facebook,#FluSeason,Neutral,1562
2021-12-04,Twitter,#MeaslesOutbreak,Positive,1205
2022-04-21,Facebook,#FluVaccine,Neutral,1818
2021-09-10,Twitter,#FluSeason,Negative,1469
2020-12-20,Twitter,#GetVaccinated,Neutral,1015
2020-04-25,Twitter,#StayHealthy,Negative,1436
2021-10-21,Facebook,#GetVaccinated,Positive,684
2020-05-22,Facebook,#MeaslesOutbreak,Neutral,1592
2021-11-30,Facebook,#FluVaccine,Neutral,928
2020-02-07,Facebook,#StayHealthy,Neutral,991
2021-12-14,Instagram,#StayHealthy,Negative,884
2020-10-04,Instagram,#StayHealthy,Positive,1580
2020-09-05,Twitter,#FluVaccine,Neutral,1849
2022-08-14,Facebook,#FluVaccine,Negative,1707
2020-07-10,Twitter,#FluSeason,Positive,1059
2022-05-24,Facebook,#FluVaccine,Neutral,388
2021-01-09,Twitter,#GetVaccinated,Neutral,544
2022-03-08,Facebook,#StayHealthy,Negative,192
2022-02-12,Instagram,#StayHealthy,Positive,1754
2020-06-16,Facebook,#FluSeason,Positive,1519
2020-11-21,Twitter,#FluVaccine,Neutral,1419
2020-08-24,Facebook,#MeaslesOutbreak,Neutral,696
2020-11-07,Facebook,#MeaslesOutbreak,Neutral,1784
2022-06-16,Facebook,#MeaslesOutbreak,Neutral,1776
2022-05-26,Twitter,#FluSeason,Negative,1166
2020-06-19,Instagram,#MeaslesOutbreak,Positive,698
2020-02-28,Instagram,#FluSeason,Negative,944
2022-07-28,Instagram,#StayHealthy,Positive,1172
2021-10-06,Twitter,#StayHealthy,Neutral,430
2022-04-15,Instagram,#FluSeason,Negative,252
2021-09-11,Twitter,#MeaslesOutbreak,Negative,1306
2020-09-02,Facebook,#FluVaccine,Positive,1576
2022-09-20,Facebook,#GetVaccinated,Positive,1421
2021-05-29,Facebook,#GetVaccinated,Negative,555
2021-01-09,Twitter,#FluSeason,Negative,156
2021-08-13,Twitter,#GetVaccinated,Positive,1831
2020-08-24,Facebook,#FluVaccine,Positive,195
2021-06-01,Facebook,#FluVaccine,Negative,1138
2022-07-16,Instagram,#FluSeason,Positive,420
2021-12-02,Facebook,#MeaslesOutbreak,Neutral,332
2021-10-07,Facebook,#FluVaccine,Neutral,834
2020-05-14,Instagram,#MeaslesOutbreak,Neutral,282
2020-10-13,Twitter,#GetVaccinated,Negative,653
2022-03-26,Instagram,#MeaslesOutbreak,Positive,1840
2021-11-02,Instagram,#FluVaccine,Negative,1449
2020-08-01,Twitter,#StayHealthy,Neutral,1499
2021-03-06,Instagram,#FluSeason,Negative,1558
2021-12-12,Twitter,#StayHealthy,Neutral,234
2020-06-08,Instagram,#FluSeason,Neutral,1368
2021-02-27,Twitter,#GetVaccinated,Neutral,1011
2020-08-07,Twitter,#GetVaccinated,Neutral,243
2020-03-21,Instagram,#GetVaccinated,Neutral,727
2020-06-13,Instagram,#MeaslesOutbreak,Positive,475
2022-07-24,Twitter,#FluSeason,Positive,1977
2020-06-22,Twitter,#FluVaccine,Neutral,1330
2021-11-23,Instagram,#GetVaccinated,Positive,1325
2021-11-10,Twitter,#StayHealthy,Positive,764
2020-06-09,Instagram,#FluVaccine,Negative,462
2022-09-08,Facebook,#MeaslesOutbreak,Neutral,624
2020-04-13,Twitter,#MeaslesOutbreak,Neutral,345
2022-09-04,Instagram,#StayHealthy,Positive,1169
2020-09-06,Instagram,#MeaslesOutbreak,Neutral,315
2021-06-26,Facebook,#FluVaccine,Neutral,414
2020-11-14,Facebook,#MeaslesOutbreak,Neutral,770
2021-09-30,Facebook,#StayHealthy,Neutral,901
2022-01-04,Instagram,#MeaslesOutbreak,Neutral,1015
2021-12-28,Instagram,#FluVaccine,Negative,1619
2021-12-11,Instagram,#GetVaccinated,Positive,1100
2021-05-21,Twitter,#MeaslesOutbreak,Negative,261
2020-11-24,Instagram,#StayHealthy,Negative,1639
2020-11-13,Twitter,#GetVaccinated,Neutral,1273
2021-08-08,Twitter,#GetVaccinated,Negative,1344
2022-01-05,Twitter,#MeaslesOutbreak,Positive,1498
2022-01-01,Instagram,#FluVaccine,Negative,1379
2021-12-27,Facebook,#FluSeason,Negative,1952
2022-03-22,Facebook,#GetVaccinated,Positive,1158
2022-07-13,Twitter,#FluVaccine,Positive,1557
2020-09-01,Twitter,#FluSeason,Negative,571
2022-05-03,Instagram,#FluVaccine,Negative,1818
2021-07-05,Instagram,#FluSeason,Negative,504
2020-09-18,Twitter,#MeaslesOutbreak,Neutral,918
2020-07-09,Instagram,#StayHealthy,Neutral,1849
2022-07-02,Instagram,#GetVaccinated,Negative,142
2020-02-20,Facebook,#FluVaccine,Negative,908
2020-04-25,Twitter,#MeaslesOutbreak,Neutral,1103
2020-05-17,Facebook,#FluVaccine,Positive,807
2021-12-07,Instagram,#FluSeason,Positive,1209
2021-07-27,Facebook,#StayHealthy,Neutral,1942
2020-02-23,Twitter,#FluVaccine,Negative,1605
2020-12-25,Twitter,#StayHealthy,Positive,946
2022-07-16,Facebook,#StayHealthy,Positive,1452
2022-04-14,Facebook,#StayHealthy,Neutral,772
2021-08-23,Twitter,#StayHealthy,Negative,365
2021-11-16,Twitter,#FluSeason,Positive,1563
2020-04-13,Twitter,#MeaslesOutbreak,Positive,232
2020-08-26,Facebook,#MeaslesOutbreak,Positive,1239
2020-09-08,Instagram,#FluSeason,Negative,1763
2020-04-18,Twitter,#FluSeason,Positive,233
2020-04-07,Instagram,#MeaslesOutbreak,Positive,1479
2022-02-07,Twitter,#StayHealthy,Neutral,1835
2021-08-03,Instagram,#GetVaccinated,Neutral,1257
2020-11-06,Instagram,#MeaslesOutbreak,Positive,1413
2020-11-28,Twitter,#StayHealthy,Neutral,1819
2020-08-26,Instagram,#StayHealthy,Positive,1077
2020-01-04,Facebook,#FluVaccine,Positive,1898
2021-07-10,Twitter,#FluSeason,Positive,1057
2021-05-30,Facebook,#FluSeason,Negative,1025
2022-09-24,Instagram,#StayHealthy,Neutral,1817
2021-05-30,Facebook,#MeaslesOutbreak,Positive,1937
2022-08-20,Twitter,#GetVaccinated,Positive,1599
2020-08-05,Instagram,#MeaslesOutbreak,Negative,372
2020-03-05,Instagram,#GetVaccinated,Positive,1640
2021-11-21,Twitter,#GetVaccinated,Positive,485
2021-07-26,Twitter,#GetVaccinated,Negative,1386
2020-03-25,Instagram,#FluVaccine,Neutral,705
2020-09-11,Instagram,#GetVaccinated,Positive,871
2022-08-21,Instagram,#FluSeason,Negative,398
2021-09-01,Instagram,#StayHealthy,Negative,1073
2020-12-20,Instagram,#GetVaccinated,Neutral,1269
2022-09-11,Facebook,#FluVaccine,Negative,1376
2020-07-25,Instagram,#MeaslesOutbreak,Neutral,1053
2020-09-17,Instagram,#MeaslesOutbreak,Negative,1512
2022-06-07,Instagram,#GetVaccinated,Neutral,1662
2022-06-30,Facebook,#FluSeason,Negative,1842
2020-07-10,Facebook,#FluSeason,Neutral,1947
2020-01-01,Instagram,#MeaslesOutbreak,Neutral,1986
2021-04-14,Twitter,#StayHealthy,Neutral,850
2021-06-18,Facebook,#MeaslesOutbreak,Negative,1377
2021-08-13,Twitter,#GetVaccinated,Neutral,157
2021-02-20,Instagram,#MeaslesOutbreak,Negative,668
2022-04-02,Instagram,#FluVaccine,Positive,287
2021-12-26,Twitter,#GetVaccinated,Negative,609
2020-11-24,Twitter,#GetVaccinated,Neutral,1788
2020-01-12,Instagram,#FluVaccine,Negative,137
2021-04-22,Instagram,#MeaslesOutbreak,Positive,1494
2021-11-09,Instagram,#MeaslesOutbreak,Positive,492
2022-07-08,Instagram,#FluVaccine,Negative,798
2022-01-07,Twitter,#FluVaccine,Neutral,1719
2020-06-17,Facebook,#FluSeason,Negative,1305
2022-08-29,Instagram,#MeaslesOutbreak,Neutral,381
2022-09-07,Facebook,#StayHealthy,Neutral,1197
2021-10-27,Facebook,#StayHealthy,Neutral,452
2020-07-26,Facebook,#FluVaccine,Positive,1940
2020-11-18,Twitter,#FluVaccine,Neutral,1694
2022-09-25,Instagram,#GetVaccinated,Neutral,637
2021-02-18,Instagram,#StayHealthy,Negative,1195
2022-07-23,Facebook,#GetVaccinated,Neutral,1237
2021-03-30,Facebook,#StayHealthy,Neutral,307
2021-07-18,Facebook,#StayHealthy,Negative,364
2020-12-18,Facebook,#FluSeason,Neutral,1850
2021-05-14,Facebook,#GetVaccinated,Positive,1150
2020-04-08,Facebook,#FluSeason,Neutral,962
2020-04-10,Facebook,#FluSeason,Positive,1813
2020-12-06,Instagram,#GetVaccinated,Neutral,1287
2022-06-06,Facebook,#MeaslesOutbreak,Negative,192
2022-03-13,Facebook,#MeaslesOutbreak,Positive,435
2021-08-12,Instagram,#MeaslesOutbreak,Neutral,730
2020-07-23,Instagram,#FluVaccine,Positive,1198
2020-07-05,Instagram,#GetVaccinated,Neutral,1508
2022-07-23,Instagram,#FluSeason,Positive,465
2020-09-03,Facebook,#StayHealthy,Neutral,608
2020-08-25,Twitter,#GetVaccinated,Positive,1235
2020-08-28,Twitter,#GetVaccinated,Negative,858
2021-01-04,Instagram,#GetVaccinated,Positive,601
2022-02-09,Facebook,#FluSeason,Negative,132
2020-11-24,Facebook,#GetVaccinated,Negative,610
2020-11-21,Facebook,#GetVaccinated,Neutral,290
2022-01-15,Twitter,#MeaslesOutbreak,Positive,1870
2020-12-03,Instagram,#FluSeason,Negative,272
2021-12-11,Twitter,#GetVaccinated,Neutral,522
2021-02-11,Facebook,#FluSeason,Neutral,279
2020-07-22,Instagram,#FluVaccine,Positive,1451
2021-03-31,Instagram,#GetVaccinated,Positive,1719
2021-07-17,Facebook,#MeaslesOutbreak,Negative,724
2021-12-28,Twitter,#FluVaccine,Neutral,1906
2021-12-19,Instagram,#StayHealthy,Positive,1847
2021-08-14,Facebook,#FluSeason,Neutral,1555
2021-04-01,Twitter,#FluVaccine,Positive,178
2020-06-06,Instagram,#FluVaccine,Negative,874
2020-10-25,Instagram,#FluVaccine,Negative,297
2021-08-03,Instagram,#StayHealthy,Negative,689
2021-06-14,Twitter,#FluSeason,Neutral,116
2021-12-09,Instagram,#GetVaccinated,Negative,312
2020-02-29,Instagram,#MeaslesOutbreak,Neutral,555
2020-08-04,Twitter,#StayHealthy,Neutral,1213
2021-03-14,Facebook,#StayHealthy,Negative,1471
2020-11-26,Facebook,#StayHealthy,Positive,1627
2022-04-02,Twitter,#FluVaccine,Negative,436
2021-11-22,Facebook,#MeaslesOutbreak,Neutral,1642
2020-05-14,Twitter,#StayHealthy,Positive,683
2020-11-03,Twitter,#GetVaccinated,Neutral,439
2021-10-25,Twitter,#MeaslesOutbreak,Positive,1653
2020-08-02,Instagram,#StayHealthy,Positive,1118
2020-11-13,Twitter,#StayHealthy,Positive,1839
2020-08-02,Facebook,#StayHealthy,Neutral,142
2020-07-08,Twitter,#StayHealthy,Positive,1455
2022-03-11,Facebook,#GetVaccinated,Neutral,1013
2020-04-10,Instagram,#FluVaccine,Negative,874
2022-02-24,Instagram,#MeaslesOutbreak,Neutral,132
2022-04-10,Instagram,#MeaslesOutbreak,Neutral,984
2021-07-07,Facebook,#GetVaccinated,Neutral,917
2022-08-26,Facebook,#StayHealthy,Positive,1738
2021-11-08,Instagram,#FluVaccine,Neutral,1565
2022-04-24,Facebook,#FluVaccine,Neutral,495
2021-11-14,Twitter,#MeaslesOutbreak,Positive,1956
2021-07-06,Twitter,#GetVaccinated,Neutral,917
2020-07-13,Twitter,#MeaslesOutbreak,Negative,1607
2022-08-23,Twitter,#GetVaccinated,Negative,813
2021-03-07,Facebook,#GetVaccinated,Positive,1529
2021-07-06,Instagram,#FluVaccine,Positive,291
2021-06-16,Instagram,#FluSeason,Negative,131
2022-08-26,Facebook,#FluVaccine,Negative,111
2021-01-27,Instagram,#StayHealthy,Neutral,455
2022-01-13,Twitter,#StayHealthy,Negative,323
2020-06-29,Instagram,#MeaslesOutbreak,Negative,1643
2021-04-19,Instagram,#FluVaccine,Neutral,576
2020-05-21,Twitter,#GetVaccinated,Positive,1933
2021-02-24,Twitter,#FluVaccine,Negative,655
2021-09-10,Twitter,#FluSeason,Neutral,160
2022-08-17,Twitter,#FluSeason,Negative,1302
2021-10-27,Twitter,#GetVaccinated,Neutral,557
2022-04-22,Facebook,#FluSeason,Negative,325
2020-05-12,Facebook,#StayHealthy,Positive,1923
2020-08-15,Twitter,#FluSeason,Negative,1140
2022-01-24,Twitter,#FluVaccine,Positive,232
2021-05-19,Facebook,#GetVaccinated,Neutral,1535
2021-01-16,Twitter,#FluSeason,Negative,926
2020-10-13,Facebook,#MeaslesOutbreak,Positive,757
2021-06-13,Twitter,#StayHealthy,Neutral,1312
2020-04-01,Twitter,#FluSeason,Neutral,657
2020-01-31,Twitter,#GetVaccinated,Positive,923
2022-04-11,Facebook,#MeaslesOutbreak,Positive,225
2021-12-03,Instagram,#FluVaccine,Positive,634
2020-01-24,Facebook,#GetVaccinated,Negative,700
2020-02-25,Facebook,#StayHealthy,Negative,614
2022-03-22,Instagram,#StayHealthy,Neutral,1995
2021-04-21,Instagram,#GetVaccinated,Negative,1226
2020-11-22,Twitter,#GetVaccinated,Negative,1474
2021-11-07,Twitter,#GetVaccinated,Neutral,388
2020-04-12,Twitter,#FluVaccine,Negative,634
2021-02-15,Instagram,#StayHealthy,Positive,1358
2021-09-18,Instagram,#StayHealthy,Neutral,1587
2020-11-02,Twitter,#GetVaccinated,Negative,295
2021-06-23,Facebook,#FluSeason,Negative,918
2021-03-07,Facebook,#FluVaccine,Neutral,1334
2020-01-23,Instagram,#FluVaccine,Neutral,785
2022-09-16,Instagram,#GetVaccinated,Neutral,392
2022-06-19,Facebook,#GetVaccinated,Positive,893
2021-02-01,Facebook,#FluSeason,Positive,810
2021-03-18,Instagram,#FluVaccine,Positive,439
2020-11-13,Twitter,#MeaslesOutbreak,Positive,1735
2020-11-27,Instagram,#FluSeason,Neutral,859
2020-02-16,Facebook,#GetVaccinated,Positive,1151
2022-03-08,Instagram,#MeaslesOutbreak,Negative,414
2022-05-07,Twitter,#FluVaccine,Negative,1514
2020-11-03,Twitter,#MeaslesOutbreak,Negative,1365
2020-12-10,Twitter,#StayHealthy,Neutral,1333
2020-03-16,Instagram,#MeaslesOutbreak,Negative,733
2022-08-02,Twitter,#MeaslesOutbreak,Positive,1286
2021-01-29,Twitter,#FluSeason,Neutral,493
2022-09-05,Instagram,#FluSeason,Positive,971
2022-04-24,Instagram,#FluVaccine,Neutral,661
2021-04-19,Twitter,#FluVaccine,Positive,1983
2021-04-10,Facebook,#StayHealthy,Positive,1072
2021-04-02,Instagram,#GetVaccinated,Positive,1726
2022-03-28,Facebook,#MeaslesOutbreak,Positive,1206
2021-12-05,Instagram,#FluSeason,Neutral,1140
2020-09-21,Instagram,#FluVaccine,Negative,1068
2022-03-25,Twitter,#FluVaccine,Neutral,123
2021-08-28,Facebook,#FluSeason,Negative,1624
2021-01-02,Facebook,#GetVaccinated,Neutral,1982
2020-04-12,Twitter,#FluSeason,Positive,1835
2020-12-17,Twitter,#MeaslesOutbreak,Negative,833
2022-02-21,Twitter,#FluSeason,Positive,1424
2020-09-18,Facebook,#MeaslesOutbreak,Neutral,1413
2020-06-08,Facebook,#GetVaccinated,Negative,1659
2021-12-15,Facebook,#StayHealthy,Positive,1527
2020-03-23,Facebook,#FluVaccine,Negative,1493
2020-10-21,Facebook,#FluSeason,Negative,1835
2020-01-06,Twitter,#StayHealthy,Positive,294
2020-08-28,Twitter,#FluVaccine,Negative,1089
2021-12-22,Facebook,#StayHealthy,Negative,1058
2020-07-12,Facebook,#FluVaccine,Neutral,1086
2020-12-30,Instagram,#StayHealthy,Neutral,318
2022-02-08,Twitter,#GetVaccinated,Neutral,1679
2020-09-18,Facebook,#StayHealthy,Negative,1927
2022-08-12,Instagram,#StayHealthy,Positive,1578
2020-12-26,Facebook,#FluVaccine,Neutral,923
2020-08-22,Instagram,#FluSeason,Neutral,506
2020-11-13,Instagram,#GetVaccinated,Negative,1082
2022-06-25,Instagram,#StayHealthy,Positive,1181
2021-10-11,Instagram,#FluSeason,Positive,389
2021-05-23,Facebook,#FluSeason,Neutral,1650
2021-05-21,Twitter,#StayHealthy,Neutral,156
2020-05-29,Twitter,#GetVaccinated,Neutral,313
2021-06-05,Instagram,#MeaslesOutbreak,Positive,253
2020-11-17,Twitter,#FluSeason,Negative,1811
2022-03-04,Facebook,#FluSeason,Neutral,514
2021-10-01,Facebook,#FluSeason,Positive,1012
2020-04-06,Instagram,#MeaslesOutbreak,Negative,1674
2020-11-18,Twitter,#MeaslesOutbreak,Positive,132
2021-05-24,Twitter,#FluSeason,Negative,1112
2020-12-05,Facebook,#StayHealthy,Negative,1633
2021-09-18,Facebook,#FluSeason,Positive,1734
2022-07-08,Instagram,#FluSeason,Positive,1369
2021-04-21,Facebook,#FluVaccine,Positive,1587
2022-02-25,Instagram,#StayHealthy,Negative,1122
2022-04-05,Instagram,#FluSeason,Negative,1049
2021-05-10,Facebook,#GetVaccinated,Neutral,1013
2020-01-06,Facebook,#FluSeason,Neutral,1766
2022-02-11,Twitter,#FluVaccine,Positive,1306
2022-06-08,Instagram,#MeaslesOutbreak,Neutral,1013
2020-03-29,Instagram,#StayHealthy,Neutral,1601
2021-09-04,Instagram,#GetVaccinated,Negative,563
2020-08-24,Instagram,#FluSeason,Positive,1525
2021-11-30,Instagram,#GetVaccinated,Neutral,494
2021-02-04,Twitter,#GetVaccinated,Positive,963
2022-09-10,Instagram,#GetVaccinated,Positive,1504
2020-07-12,Instagram,#GetVaccinated,Positive,175
2020-01-02,Twitter,#StayHealthy,Neutral,1703
2021-01-19,Instagram,#MeaslesOutbreak,Negative,1664
2021-08-08,Twitter,#StayHealthy,Negative,1175
2020-12-07,Instagram,#FluSeason,Positive,1806
2022-09-16,Facebook,#GetVaccinated,Neutral,1847
2021-06-09,Twitter,#GetVaccinated,Neutral,1084
2021-12-05,Instagram,#StayHealthy,Positive,462
2020-10-17,Instagram,#FluSeason,Positive,1362
2021-04-20,Twitter,#FluSeason,Neutral,1158
2022-04-09,Facebook,#MeaslesOutbreak,Neutral,1099
2020-10-12,Twitter,#GetVaccinated,Neutral,1343
2022-05-21,Facebook,#MeaslesOutbreak,Neutral,508
2021-02-16,Twitter,#FluVaccine,Neutral,325
2021-11-05,Instagram,#MeaslesOutbreak,Negative,614
2021-06-14,Twitter,#FluVaccine,Positive,1950
2022-08-20,Instagram,#FluSeason,Neutral,1915
2020-05-03,Facebook,#GetVaccinated,Neutral,1420
2022-01-14,Twitter,#GetVaccinated,Positive,224
2021-05-23,Facebook,#MeaslesOutbreak,Negative,1514
2022-04-21,Facebook,#StayHealthy,Positive,1199
2021-10-15,Instagram,#FluVaccine,Negative,983
2022-07-08,Instagram,#GetVaccinated,Positive,932
2021-01-11,Twitter,#FluVaccine,Positive,1942
2022-01-18,Twitter,#FluVaccine,Neutral,1937
2022-01-03,Facebook,#FluSeason,Positive,903
2022-03-27,Instagram,#MeaslesOutbreak,Negative,656
2020-12-18,Instagram,#MeaslesOutbreak,Negative,1396
2021-05-26,Instagram,#FluVaccine,Neutral,814
2022-06-23,Twitter,#GetVaccinated,Negative,1496
2020-07-14,Facebook,#GetVaccinated,Positive,908
2020-01-19,Instagram,#GetVaccinated,Negative,882
2020-08-18,Twitter,#MeaslesOutbreak,Positive,376
2020-04-04,Twitter,#GetVaccinated,Neutral,128
2020-03-11,Instagram,#FluVaccine,Negative,1160
2022-01-13,Facebook,#GetVaccinated,Negative,652
2022-06-25,Twitter,#FluVaccine,Positive,616
2021-09-23,Facebook,#StayHealthy,Neutral,869
2020-06-01,Facebook,#FluVaccine,Positive,678
2021-08-15,Twitter,#FluSeason,Positive,1505
2021-08-16,Facebook,#GetVaccinated,Negative,1159
2022-05-07,Instagram,#MeaslesOutbreak,Neutral,801
2022-07-11,Twitter,#FluVaccine,Negative,1189
2020-11-08,Instagram,#FluVaccine,Positive,872
2022-05-30,Instagram,#MeaslesOutbreak,Positive,1891
2021-06-26,Instagram,#StayHealthy,Negative,1303
2021-03-09,Instagram,#GetVaccinated,Neutral,713
2021-04-12,Facebook,#FluSeason,Negative,1841
2022-03-11,Facebook,#StayHealthy,Positive,576
2020-08-06,Twitter,#FluVaccine,Neutral,895
2021-10-09,Facebook,#MeaslesOutbreak,Neutral,897
2021-02-14,Twitter,#GetVaccinated,Negative,272
2020-08-14,Twitter,#FluSeason,Neutral,850
2021-06-23,Facebook,#MeaslesOutbreak,Negative,1774
2020-08-11,Twitter,#StayHealthy,Positive,1594
2020-12-30,Instagram,#MeaslesOutbreak,Neutral,410
2021-03-19,Facebook,#MeaslesOutbreak,Positive,1192
2020-04-23,Facebook,#FluVaccine,Positive,662
2021-10-31,Instagram,#GetVaccinated,Positive,172
2020-03-13,Twitter,#FluSeason,Negative,1228
2022-02-19,Twitter,#StayHealthy,Neutral,786
2022-03-31,Twitter,#FluSeason,Positive,412
2021-11-07,Instagram,#MeaslesOutbreak,Negative,108
2021-10-08,Facebook,#GetVaccinated,Positive,1247
2022-06-03,Instagram,#FluSeason,Negative,1561
2021-05-15,Facebook,#StayHealthy,Negative,1347
2020-10-16,Facebook,#FluVaccine,Negative,554
2021-09-18,Twitter,#FluSeason,Positive,316
2020-05-14,Facebook,#FluSeason,Positive,1853
2022-09-23,Facebook,#StayHealthy,Positive,212
2021-02-18,Facebook,#MeaslesOutbreak,Neutral,505
2021-05-05,Instagram,#FluSeason,Negative,731
2020-08-07,Twitter,#StayHealthy,Negative,1129
2020-01-02,Twitter,#FluSeason,Positive,1032
2022-07-14,Twitter,#MeaslesOutbreak,Negative,659
2022-09-08,Twitter,#FluSeason,Neutral,654
2022-05-31,Instagram,#GetVaccinated,Neutral,1939
2020-07-24,Facebook,#MeaslesOutbreak,Neutral,1438
2020-07-22,Instagram,#FluSeason,Positive,1275
2022-03-20,Twitter,#GetVaccinated,Negative,1145
2021-09-05,Instagram,#GetVaccinated,Positive,1017
2020-05-19,Facebook,#FluSeason,Positive,345
2021-09-02,Twitter,#StayHealthy,Positive,1363
2022-09-23,Twitter,#GetVaccinated,Negative,1323
2021-10-18,Facebook,#GetVaccinated,Negative,675
2020-03-13,Facebook,#StayHealthy,Positive,1652
2021-01-26,Facebook,#FluSeason,Positive,1302
2021-10-29,Instagram,#GetVaccinated,Neutral,482
2021-09-13,Twitter,#GetVaccinated,Positive,293
2022-09-24,Facebook,#MeaslesOutbreak,Positive,1831
2020-04-16,Facebook,#FluSeason,Neutral,1360
2022-05-18,Instagram,#MeaslesOutbreak,Neutral,978
2022-04-11,Instagram,#MeaslesOutbreak,Neutral,278
2021-08-13,Twitter,#FluSeason,Positive,1144
2021-07-25,Twitter,#FluSeason,Negative,1350
2022-02-18,Instagram,#GetVaccinated,Negative,204
2021-03-31,Instagram,#StayHealthy,Positive,914
2022-07-22,Facebook,#MeaslesOutbreak,Neutral,1608
2020-12-18,Facebook,#MeaslesOutbreak,Negative,741
2021-07-16,Instagram,#MeaslesOutbreak,Neutral,1867
2021-09-16,Facebook,#MeaslesOutbreak,Neutral,1176
2022-07-12,Twitter,#FluVaccine,Neutral,633
2021-03-28,Instagram,#MeaslesOutbreak,Neutral,455
2022-02-12,Facebook,#FluVaccine,Positive,340
2020-02-12,Twitter,#GetVaccinated,Positive,1105
2021-12-15,Twitter,#GetVaccinated,Negative,224
2021-12-05,Facebook,#GetVaccinated,Positive,100
2020-08-29,Facebook,#FluVaccine,Negative,470
2020-03-28,Facebook,#FluVaccine,Positive,1712
2022-04-15,Twitter,#GetVaccinated,Neutral,1733
2021-02-23,Instagram,#MeaslesOutbreak,Neutral,1713
2020-10-15,Twitter,#MeaslesOutbreak,Positive,1971
2021-03-24,Facebook,#StayHealthy,Neutral,683
2020-10-13,Twitter,#FluVaccine,Positive,1109
2022-07-17,Facebook,#FluVaccine,Neutral,1049
2022-08-12,Facebook,#MeaslesOutbreak,Positive,1140
2022-05-10,Instagram,#MeaslesOutbreak,Negative,1106
2022-08-11,Facebook,#GetVaccinated,Negative,1826
2020-04-14,Facebook,#FluVaccine,Negative,447
2021-07-06,Instagram,#MeaslesOutbreak,Negative,1138
2021-06-16,Twitter,#FluSeason,Positive,284
2021-04-03,Facebook,#MeaslesOutbreak,Negative,1087
2022-07-16,Instagram,#FluSeason,Negative,799
2022-02-11,Instagram,#FluSeason,Neutral,1470
2020-01-20,Instagram,#FluVaccine,Positive,391
2020-08-14,Instagram,#FluVaccine,Positive,1567
2020-03-02,Facebook,#GetVaccinated,Neutral,1257
2020-09-20,Twitter,#StayHealthy,Neutral,110
2020-03-31,Twitter,#FluSeason,Positive,1341
2022-01-24,Instagram,#MeaslesOutbreak,Neutral,1910
2022-01-16,Instagram,#StayHealthy,Positive,1860
2022-06-28,Facebook,#FluVaccine,Positive,1773
2021-12-08,Twitter,#MeaslesOutbreak,Neutral,771
2021-09-17,Facebook,#FluSeason,Positive,708
2020-06-02,Instagram,#GetVaccinated,Negative,1588
2020-07-10,Twitter,#FluVaccine,Neutral,1610
2020-06-19,Twitter,#FluSeason,Positive,1966
2020-04-05,Facebook,#StayHealthy,Positive,1733
2020-03-02,Twitter,#StayHealthy,Negative,122
2020-10-13,Instagram,#MeaslesOutbreak,Positive,1227
2020-11-04,Instagram,#FluVaccine,Negative,1409
2021-10-24,Twitter,#FluVaccine,Positive,1127
2020-02-18,Facebook,#GetVaccinated,Neutral,723
2020-09-23,Twitter,#StayHealthy,Neutral,422
2022-02-09,Facebook,#FluSeason,Neutral,1730
2021-09-10,Twitter,#FluVaccine,Neutral,502
2022-09-08,Twitter,#FluVaccine,Positive,1559
2021-09-24,Twitter,#FluSeason,Neutral,1931
2022-02-12,Instagram,#FluSeason,Negative,1236
2022-05-18,Facebook,#FluSeason,Positive,1551
2021-11-19,Facebook,#FluVaccine,Positive,1397
2021-12-02,Instagram,#StayHealthy,Negative,271
2021-07-27,Instagram,#FluSeason,Positive,1527
2022-05-01,Twitter,#FluVaccine,Positive,1343
2021-09-28,Twitter,#FluVaccine,Positive,104
2022-09-07,Twitter,#StayHealthy,Negative,634
2020-06-20,Instagram,#MeaslesOutbreak,Neutral,1848
2022-07-04,Facebook,#StayHealthy,Negative,1892
2021-05-18,Instagram,#FluVaccine,Negative,370
2020-05-21,Twitter,#FluSeason,Positive,1075
2022-04-26,Twitter,#StayHealthy,Positive,697
2020-09-15,Instagram,#StayHealthy,Positive,1359
2022-04-12,Facebook,#GetVaccinated,Positive,1660
2022-01-10,Facebook,#GetVaccinated,Positive,314
2020-04-02,Twitter,#GetVaccinated,Positive,291
2021-05-18,Facebook,#StayHealthy,Positive,956
2020-09-21,Facebook,#FluVaccine,Negative,1723
2021-03-14,Facebook,#GetVaccinated,Negative,687
2022-03-11,Instagram,#FluVaccine,Negative,1760
2020-10-31,Twitter,#GetVaccinated,Neutral,1526
2022-08-27,Instagram,#StayHealthy,Positive,1546
2021-09-07,Instagram,#GetVaccinated,Neutral,853
2021-04-08,Twitter,#StayHealthy,Neutral,1035
2020-07-04,Instagram,#MeaslesOutbreak,Negative,643
2022-08-06,Twitter,#FluVaccine,Negative,671
2020-06-27,Twitter,#MeaslesOutbreak,Positive,1873
2022-03-09,Facebook,#StayHealthy,Positive,1127
2021-10-07,Instagram,#FluSeason,Positive,855
2021-04-01,Instagram,#StayHealthy,Neutral,465
2022-02-14,Instagram,#FluSeason,Positive,1274
2021-09-16,Facebook,#FluSeason,Negative,1863
2020-03-21,Instagram,#StayHealthy,Negative,1695
2022-01-16,Twitter,#FluSeason,Neutral,1712
2020-06-05,Twitter,#FluVaccine,Negative,929
2022-01-10,Twitter,#FluVaccine,Neutral,768
2020-10-23,Instagram,#MeaslesOutbreak,Neutral,1017
2020-02-25,Instagram,#StayHealthy,Positive,578
2022-06-07,Twitter,#FluSeason,Positive,545
2022-02-13,Instagram,#FluVaccine,Negative,951
2020-04-09,Twitter,#MeaslesOutbreak,Negative,1842
2020-05-28,Twitter,#StayHealthy,Negative,1087
2022-03-11,Instagram,#GetVaccinated,Positive,1049
2020-08-31,Facebook,#FluSeason,Neutral,590
2022-07-27,Facebook,#StayHealthy,Negative,1672
2022-07-08,Facebook,#FluSeason,Negative,1501
2022-03-31,Twitter,#FluSeason,Positive,1459
2022-01-19,Twitter,#StayHealthy,Negative,1202
2022-04-08,Facebook,#FluVaccine,Negative,1838
2020-10-18,Facebook,#StayHealthy,Positive,538
2021-12-20,Twitter,#StayHealthy,Positive,1914
2021-04-21,Twitter,#FluSeason,Neutral,276
2022-04-17,Twitter,#FluSeason,Neutral,1974
2020-08-15,Twitter,#GetVaccinated,Neutral,377
2022-07-02,Twitter,#MeaslesOutbreak,Positive,378
2021-08-01,Facebook,#GetVaccinated,Positive,954
2020-01-13,Twitter,#MeaslesOutbreak,Positive,918
2020-04-22,Facebook,#MeaslesOutbreak,Negative,560
2020-12-07,Facebook,#MeaslesOutbreak,Neutral,1085
2022-04-25,Instagram,#MeaslesOutbreak,Negative,601
2022-02-08,Twitter,#FluSeason,Positive,630
2020-08-13,Facebook,#GetVaccinated,Neutral,1955
2022-04-29,Facebook,#MeaslesOutbreak,Negative,1937
2021-04-07,Instagram,#FluVaccine,Positive,1599
2021-10-08,Instagram,#FluSeason,Neutral,1979
2021-08-03,Facebook,#FluVaccine,Negative,1015
2020-08-06,Instagram,#MeaslesOutbreak,Neutral,154
2022-04-28,Instagram,#FluSeason,Neutral,1613
2021-11-20,Facebook,#FluSeason,Neutral,589
2022-05-24,Instagram,#FluSeason,Neutral,769
2020-09-30,Facebook,#MeaslesOutbreak,Neutral,340
2022-06-02,Facebook,#GetVaccinated,Neutral,853
2020-12-24,Instagram,#GetVaccinated,Neutral,1488
2022-06-18,Twitter,#GetVaccinated,Neutral,1889
2022-08-07,Facebook,#StayHealthy,Negative,197
2020-07-19,Twitter,#MeaslesOutbreak,Negative,1536
2021-03-28,Facebook,#FluVaccine,Neutral,1805
2020-06-17,Instagram,#FluSeason,Positive,454
2020-03-01,Instagram,#StayHealthy,Neutral,1387
2022-06-29,Facebook,#FluVaccine,Positive,1591
2021-08-20,Instagram,#FluVaccine,Neutral,310
2022-07-12,Facebook,#GetVaccinated,Negative,1096
2022-02-22,Instagram,#FluVaccine,Positive,151
2022-08-20,Facebook,#GetVaccinated,Negative,472
2022-02-09,Facebook,#MeaslesOutbreak,Negative,1080
2021-01-18,Twitter,#FluVaccine,Positive,707
2021-04-27,Facebook,#MeaslesOutbreak,Neutral,1930
2021-02-06,Twitter,#StayHealthy,Positive,1564
2021-03-05,Facebook,#FluVaccine,Neutral,390
2020-01-31,Facebook,#MeaslesOutbreak,Neutral,1630
2020-01-25,Twitter,#FluSeason,Neutral,1816
2021-11-14,Twitter,#FluVaccine,Negative,1956
2020-06-18,Facebook,#StayHealthy,Negative,880
2022-04-28,Instagram,#FluSeason,Negative,1037
2021-11-02,Facebook,#GetVaccinated,Positive,377
2021-12-24,Twitter,#FluVaccine,Positive,1681
2020-09-25,Twitter,#StayHealthy,Neutral,1828
2022-02-09,Twitter,#FluSeason,Neutral,1024
2020-05-11,Twitter,#MeaslesOutbreak,Neutral,1887
2022-03-03,Instagram,#MeaslesOutbreak,Neutral,105
2022-01-02,Facebook,#StayHealthy,Neutral,808
2021-05-27,Instagram,#FluSeason,Positive,423
2020-07-06,Twitter,#MeaslesOutbreak,Positive,718
2020-06-28,Twitter,#MeaslesOutbreak,Negative,1638
2020-05-26,Facebook,#FluSeason,Positive,824
2022-03-18,Twitter,#FluSeason,Negative,832
2020-11-12,Facebook,#GetVaccinated,Neutral,1704
2021-02-08,Instagram,#FluSeason,Positive,1195
2021-06-16,Instagram,#MeaslesOutbreak,Neutral,1302
2020-01-22,Twitter,#StayHealthy,Negative,1573
2020-07-14,Instagram,#FluVaccine,Negative,1206
2020-09-12,Twitter,#GetVaccinated,Neutral,1380
2022-03-08,Instagram,#StayHealthy,Negative,960
2021-03-09,Facebook,#StayHealthy,Negative,541
2021-11-17,Instagram,#StayHealthy,Neutral,1911
2021-10-15,Facebook,#GetVaccinated,Negative,1343
2021-01-03,Instagram,#MeaslesOutbreak,Positive,363
2022-05-20,Twitter,#MeaslesOutbreak,Negative,1097
2021-06-15,Facebook,#StayHealthy,Negative,934
2021-06-21,Instagram,#FluVaccine,Negative,208
2020-05-09,Instagram,#GetVaccinated,Neutral,1888
2020-11-28,Twitter,#FluSeason,Neutral,1681
2022-09-11,Facebook,#StayHealthy,Positive,1282
2020-10-16,Twitter,#StayHealthy,Positive,1262
2020-07-27,Instagram,#FluSeason,Positive,136
2021-11-27,Twitter,#FluSeason,Positive,1091
2020-01-02,Twitter,#FluSeason,Neutral,171
2022-07-18,Instagram,#MeaslesOutbreak,Negative,536
2020-02-26,Twitter,#GetVaccinated,Positive,348
2021-03-31,Instagram,#GetVaccinated,Positive,372
2021-02-06,Twitter,#MeaslesOutbreak,Positive,1758
2021-02-08,Facebook,#StayHealthy,Negative,299
2021-04-29,Twitter,#FluVaccine,Negative,677
2020-01-20,Instagram,#StayHealthy,Neutral,109
2022-03-01,Instagram,#FluSeason,Negative,667
2022-07-21,Facebook,#GetVaccinated,Positive,1961
2021-05-23,Twitter,#StayHealthy,Neutral,1328
2020-06-23,Twitter,#GetVaccinated,Neutral,317
2021-12-15,Facebook,#GetVaccinated,Negative,366
2022-06-09,Instagram,#MeaslesOutbreak,Neutral,1623
2021-08-22,Instagram,#FluSeason,Negative,1193
2021-02-18,Instagram,#FluVaccine,Neutral,1993
2022-06-02,Twitter,#GetVaccinated,Negative,238
2021-11-21,Twitter,#MeaslesOutbreak,Positive,1221
2021-10-11,Twitter,#MeaslesOutbreak,Neutral,1345
2021-04-13,Twitter,#GetVaccinated,Positive,124
2020-08-19,Instagram,#StayHealthy,Negative,1321
2021-08-19,Facebook,#GetVaccinated,Neutral,990
2022-03-05,Twitter,#StayHealthy,Positive,1855
2022-06-28,Facebook,#GetVaccinated,Negative,921
2020-09-28,Twitter,#StayHealthy,Neutral,1616
2021-11-18,Twitter,#GetVaccinated,Negative,1470
2022-06-24,Twitter,#GetVaccinated,Positive,1888
2020-07-04,Twitter,#FluVaccine,Positive,1303
2021-11-10,Instagram,#FluSeason,Negative,1155
2020-01-22,Instagram,#MeaslesOutbreak,Positive,1678
2022-09-25,Facebook,#GetVaccinated,Negative,1111
2021-10-14,Facebook,#GetVaccinated,Neutral,802
2022-04-27,Twitter,#GetVaccinated,Neutral,1514
2022-09-20,Instagram,#MeaslesOutbreak,Neutral,751
2020-03-14,Twitter,#FluVaccine,Positive,398
2020-06-29,Twitter,#FluSeason,Neutral,974
2022-05-03,Twitter,#GetVaccinated,Neutral,676
2020-07-22,Facebook,#FluVaccine,Positive,1565
2022-04-20,Instagram,#StayHealthy,Negative,1500
2022-09-05,Instagram,#GetVaccinated,Neutral,166
2022-08-22,Facebook,#MeaslesOutbreak,Positive,1262
2021-10-07,Facebook,#FluSeason,Neutral,676
2021-10-28,Facebook,#GetVaccinated,Neutral,1570
2021-01-22,Instagram,#FluVaccine,Positive,1900
2021-05-27,Instagram,#FluSeason,Positive,517
2020-10-12,Twitter,#MeaslesOutbreak,Positive,1868
2021-05-27,Instagram,#FluVaccine,Positive,309
2020-01-13,Twitter,#StayHealthy,Positive,399
2021-07-08,Twitter,#GetVaccinated,Negative,1875
2021-10-25,Facebook,#FluSeason,Neutral,484
2020-06-09,Facebook,#StayHealthy,Neutral,1697
2021-09-09,Twitter,#StayHealthy,Negative,1368
2021-01-01,Facebook,#FluSeason,Neutral,492
2022-08-05,Twitter,#StayHealthy,Positive,958
2020-07-27,Instagram,#GetVaccinated,Positive,508
2021-01-21,Facebook,#FluSeason,Positive,1847
2020-06-29,Facebook,#FluVaccine,Positive,1903
2020-03-04,Twitter,#GetVaccinated,Negative,1805
2020-12-13,Facebook,#GetVaccinated,Neutral,405
2021-04-10,Twitter,#GetVaccinated,Negative,1817
2021-08-03,Facebook,#FluSeason,Negative,358
2021-12-03,Twitter,#FluVaccine,Neutral,1589
2021-08-26,Twitter,#StayHealthy,Positive,1950
2021-07-15,Twitter,#MeaslesOutbreak,Positive,1248
2020-06-19,Instagram,#GetVaccinated,Negative,1336
2021-07-17,Twitter,#FluVaccine,Negative,1981
2020-05-08,Twitter,#StayHealthy,Neutral,1683
2020-08-06,Facebook,#GetVaccinated,Neutral,805
2022-03-25,Instagram,#MeaslesOutbreak,Negative,1172
2021-07-24,Twitter,#GetVaccinated,Positive,1799
2021-02-12,Facebook,#GetVaccinated,Negative,408
2021-02-18,Facebook,#StayHealthy,Positive,1393
2021-04-04,Instagram,#StayHealthy,Negative,460
2022-09-07,Facebook,#MeaslesOutbreak,Neutral,1991
2021-08-10,Twitter,#StayHealthy,Neutral,667
2021-01-13,Instagram,#FluSeason,Neutral,1431
2022-05-12,Instagram,#MeaslesOutbreak,Negative,1819
2022-08-03,Facebook,#MeaslesOutbreak,Negative,857
2022-05-16,Twitter,#MeaslesOutbreak,Positive,1085
2020-06-30,Facebook,#FluSeason,Positive,1424
2021-03-01,Instagram,#FluVaccine,Neutral,479
2022-01-17,Facebook,#StayHealthy,Negative,1037
2020-06-23,Twitter,#FluSeason,Positive,465
2022-01-15,Instagram,#MeaslesOutbreak,Negative,1003
2021-10-20,Instagram,#FluVaccine,Negative,1212
2020-11-24,Twitter,#StayHealthy,Positive,1628
2021-10-10,Facebook,#FluVaccine,Neutral,365
2020-07-17,Facebook,#FluVaccine,Negative,1070
2022-03-14,Instagram,#StayHealthy,Negative,1561
2021-08-07,Instagram,#FluSeason,Neutral,792
2020-05-17,Facebook,#MeaslesOutbreak,Negative,260
2022-01-25,Facebook,#FluVaccine,Negative,144
2021-04-13,Instagram,#StayHealthy,Neutral,526
2021-07-24,Facebook,#FluVaccine,Negative,335
2020-01-27,Instagram,#StayHealthy,Negative,1869
2021-02-20,Facebook,#FluSeason,Negative,643
2022-05-23,Instagram,#FluVaccine,Negative,260
2020-06-24,Twitter,#GetVaccinated,Positive,1927
2020-07-18,Twitter,#StayHealthy,Neutral,527
2020-12-09,Instagram,#FluVaccine,Neutral,1725
2021-09-25,Twitter,#GetVaccinated,Neutral,439
2020-06-10,Facebook,#MeaslesOutbreak,Neutral,1737
2020-02-06,Twitter,#FluVaccine,Positive,1846
2021-11-22,Facebook,#MeaslesOutbreak,Neutral,1644
2022-03-22,Twitter,#MeaslesOutbreak,Neutral,1765
2022-01-28,Instagram,#StayHealthy,Neutral,1496
2021-05-13,Twitter,#FluSeason,Neutral,1282
2020-04-23,Twitter,#FluSeason,Negative,866
2022-02-04,Facebook,#MeaslesOutbreak,Positive,1364
2022-04-10,Twitter,#FluVaccine,Positive,521
2022-03-16,Twitter,#StayHealthy,Positive,338
2020-12-06,Instagram,#MeaslesOutbreak,Positive,821
2020-04-15,Twitter,#FluSeason,Positive,1040
2022-02-27,Twitter,#MeaslesOutbreak,Neutral,226
2021-12-09,Instagram,#FluVaccine,Positive,1039
2020-06-24,Facebook,#FluSeason,Negative,1596
2022-08-25,Facebook,#FluSeason,Neutral,1155
2022-01-29,Twitter,#GetVaccinated,Neutral,381
2022-01-10,Facebook,#StayHealthy,Negative,607
2020-05-12,Facebook,#GetVaccinated,Negative,1608
2022-06-23,Instagram,#GetVaccinated,Positive,1353
2020-10-30,Twitter,#MeaslesOutbreak,Neutral,234
2021-02-21,Twitter,#GetVaccinated,Neutral,707
2021-02-04,Twitter,#StayHealthy,Neutral,1477
2020-07-20,Twitter,#FluSeason,Neutral,1137
2020-03-16,Instagram,#MeaslesOutbreak,Negative,1290
2021-01-05,Instagram,#StayHealthy,Neutral,647
2021-11-23,Twitter,#GetVaccinated,Positive,1958
2020-04-30,Instagram,#GetVaccinated,Positive,705
2020-03-04,Instagram,#MeaslesOutbreak,Positive,154
2021-10-20,Instagram,#FluSeason,Negative,836
2022-08-24,Facebook,#StayHealthy,Negative,253
2020-02-09,Twitter,#FluVaccine,Positive,1140
2021-11-12,Twitter,#StayHealthy,Neutral,1081
2022-01-23,Twitter,#StayHealthy,Negative,912
2022-03-20,Instagram,#StayHealthy,Positive,437
2020-03-03,Instagram,#StayHealthy,Neutral,1338
2020-02-14,Facebook,#FluSeason,Positive,1349
2021-12-15,Facebook,#GetVaccinated,Positive,562
2020-11-02,Twitter,#StayHealthy,Neutral,1038
2021-02-25,Instagram,#GetVaccinated,Neutral,362
2020-06-29,Facebook,#MeaslesOutbreak,Neutral,1932
2022-03-08,Facebook,#FluSeason,Positive,148
2021-06-12,Facebook,#MeaslesOutbreak,Neutral,474
2020-11-03,Instagram,#MeaslesOutbreak,Positive,741
2020-12-29,Facebook,#StayHealthy,Neutral,1611
2020-06-12,Instagram,#FluVaccine,Negative,1008
2021-04-16,Facebook,#FluVaccine,Positive,158
2020-12-26,Twitter,#StayHealthy,Negative,293
2021-04-14,Facebook,#FluSeason,Positive,1043
2021-05-17,Instagram,#MeaslesOutbreak,Negative,1934
2020-05-09,Instagram,#GetVaccinated,Neutral,1926
2021-05-05,Twitter,#GetVaccinated,Negative,670
2021-09-30,Twitter,#StayHealthy,Negative,1644
2022-08-09,Facebook,#FluVaccine,Positive,796
2021-03-26,Facebook,#StayHealthy,Negative,1235
2022-08-26,Twitter,#FluSeason,Positive,1949
2020-01-23,Twitter,#StayHealthy,Negative,783
2022-08-28,Instagram,#GetVaccinated,Neutral,1745
2022-02-04,Twitter,#FluVaccine,Neutral,838
2021-01-16,Twitter,#FluSeason,Neutral,1161
2021-07-05,Twitter,#GetVaccinated,Neutral,384
2020-02-16,Instagram,#FluVaccine,Negative,735
2020-11-09,Twitter,#StayHealthy,Positive,790
2021-05-29,Facebook,#FluSeason,Positive,194
2020-12-23,Facebook,#GetVaccinated,Negative,428
2020-02-08,Facebook,#MeaslesOutbreak,Neutral,1448
2021-10-09,Instagram,#FluSeason,Neutral,1375
2021-01-04,Instagram,#GetVaccinated,Negative,300
2021-04-19,Twitter,#FluVaccine,Positive,1110
2020-02-22,Facebook,#StayHealthy,Positive,1603
2021-04-20,Instagram,#FluSeason,Neutral,975
2020-10-21,Instagram,#FluSeason,Positive,1971
2020-03-13,Facebook,#StayHealthy,Positive,328
2021-08-10,Twitter,#FluSeason,Negative,460
2021-11-14,Facebook,#StayHealthy,Neutral,115
2020-03-10,Twitter,#FluVaccine,Negative,715
2020-09-01,Instagram,#MeaslesOutbreak,Negative,1637
2020-10-13,Twitter,#MeaslesOutbreak,Neutral,289
2022-02-26,Twitter,#GetVaccinated,Negative,1511
2022-01-20,Instagram,#FluSeason,Positive,1624
2022-06-06,Instagram,#MeaslesOutbreak,Positive,1108
2020-01-15,Twitter,#GetVaccinated,Neutral,740
2021-10-28,Twitter,#StayHealthy,Positive,1126
2022-09-09,Twitter,#StayHealthy,Neutral,316
2022-03-26,Instagram,#GetVaccinated,Positive,1094
2021-07-04,Instagram,#StayHealthy,Positive,1469
2021-08-13,Instagram,#StayHealthy,Neutral,346
2021-03-26,Instagram,#FluVaccine,Positive,710
2021-06-04,Facebook,#StayHealthy,Positive,1232
2022-02-08,Twitter,#StayHealthy,Negative,1859
2020-04-15,Instagram,#StayHealthy,Positive,1394
2022-04-03,Twitter,#MeaslesOutbreak,Negative,790
2020-01-17,Twitter,#FluVaccine,Neutral,1251
2022-07-08,Instagram,#FluVaccine,Neutral,817
2021-09-13,Facebook,#StayHealthy,Positive,1259
2021-03-05,Facebook,#MeaslesOutbreak,Negative,1992
2022-07-05,Instagram,#MeaslesOutbreak,Negative,1360
2021-01-13,Twitter,#FluVaccine,Neutral,921
2021-03-06,Instagram,#MeaslesOutbreak,Negative,1803
2021-12-18,Instagram,#MeaslesOutbreak,Negative,1536
2020-12-26,Facebook,#StayHealthy,Positive,1422
2022-04-09,Twitter,#FluVaccine,Positive,753
2021-10-07,Instagram,#FluSeason,Neutral,1185
2021-01-11,Twitter,#FluVaccine,Positive,367
2021-04-25,Facebook,#MeaslesOutbreak,Neutral,105
2022-02-16,Twitter,#MeaslesOutbreak,Negative,1610
2021-03-20,Instagram,#GetVaccinated,Neutral,1815
2020-03-29,Facebook,#FluSeason,Neutral,926
2021-08-14,Facebook,#MeaslesOutbreak,Negative,1760
2022-04-16,Twitter,#StayHealthy,Positive,224
2021-08-28,Instagram,#FluSeason,Neutral,1026
2022-06-23,Instagram,#StayHealthy,Negative,843
2020-02-18,Twitter,#FluVaccine,Positive,635
2022-05-04,Twitter,#MeaslesOutbreak,Positive,1307
2020-10-03,Instagram,#StayHealthy,Negative,1672
2021-12-12,Twitter,#FluVaccine,Positive,321
2022-07-22,Instagram,#StayHealthy,Positive,746
2022-03-17,Facebook,#FluSeason,Neutral,149
2021-11-18,Facebook,#FluSeason,Neutral,1400
2021-06-29,Instagram,#StayHealthy,Positive,347
2020-06-03,Facebook,#FluSeason,Positive,228
2021-07-23,Facebook,#MeaslesOutbreak,Neutral,1774
2022-03-22,Instagram,#MeaslesOutbreak,Positive,1118
2021-10-22,Twitter,#FluSeason,Neutral,1986
2020-12-07,Facebook,#StayHealthy,Positive,1664
2020-11-26,Twitter,#FluSeason,Positive,435
2022-03-28,Facebook,#MeaslesOutbreak,Negative,1706
2020-06-19,Twitter,#StayHealthy,Negative,619
2021-12-21,Facebook,#FluVaccine,Positive,163
2020-05-05,Instagram,#FluSeason,Negative,651
2022-01-31,Facebook,#MeaslesOutbreak,Positive,340
2020-10-14,Instagram,#FluSeason,Positive,1689
2020-08-19,Facebook,#StayHealthy,Negative,647
2021-09-20,Twitter,#GetVaccinated,Positive,841
2020-01-13,Facebook,#StayHealthy,Neutral,1606
2022-03-03,Instagram,#FluSeason,Neutral,887
2020-11-29,Twitter,#FluVaccine,Positive,681
2020-08-11,Facebook,#MeaslesOutbreak,Positive,1914
2022-07-22,Twitter,#StayHealthy,Positive,612
2021-06-22,Facebook,#MeaslesOutbreak,Positive,1761
2022-06-02,Twitter,#FluVaccine,Negative,570
2021-04-08,Instagram,#StayHealthy,Positive,1599
2021-07-04,Twitter,#FluSeason,Neutral,1894
2022-07-04,Twitter,#MeaslesOutbreak,Neutral,881
2020-11-27,Instagram,#FluSeason,Positive,1743
2021-11-04,Instagram,#FluVaccine,Negative,518
2021-08-13,Twitter,#StayHealthy,Neutral,1632
2022-07-21,Instagram,#FluVaccine,Negative,1011
2020-09-11,Twitter,#GetVaccinated,Positive,910
2021-02-25,Instagram,#FluVaccine,Neutral,1667
2022-05-13,Facebook,#FluSeason,Negative,1981
2021-04-06,Facebook,#FluVaccine,Positive,623
2021-01-03,Facebook,#MeaslesOutbreak,Negative,1429
2021-12-19,Twitter,#StayHealthy,Positive,1751
2022-03-29,Twitter,#GetVaccinated,Positive,1790
2022-04-03,Instagram,#GetVaccinated,Positive,1605
2020-03-14,Twitter,#FluVaccine,Positive,1275
2020-06-04,Facebook,#FluVaccine,Negative,602
2021-06-20,Facebook,#MeaslesOutbreak,Positive,164
2020-05-27,Twitter,#MeaslesOutbreak,Positive,135
2020-05-05,Instagram,#MeaslesOutbreak,Positive,751
2022-01-09,Facebook,#StayHealthy,Positive,394
2020-01-03,Twitter,#GetVaccinated,Neutral,1035
2020-11-13,Facebook,#MeaslesOutbreak,Neutral,356
2022-02-07,Instagram,#GetVaccinated,Positive,1536
2022-08-09,Twitter,#FluSeason,Positive,618
2022-03-02,Facebook,#StayHealthy,Negative,1694
2021-04-09,Twitter,#GetVaccinated,Negative,458
2021-07-15,Instagram,#GetVaccinated,Negative,1984
2021-01-23,Instagram,#FluVaccine,Neutral,232
2022-05-11,Instagram,#FluVaccine,Negative,238
2020-02-17,Facebook,#MeaslesOutbreak,Neutral,1353
2022-04-08,Instagram,#FluSeason,Positive,547
2021-09-08,Twitter,#MeaslesOutbreak,Positive,1246
2022-02-03,Twitter,#StayHealthy,Positive,1736
2022-04-16,Facebook,#StayHealthy,Neutral,1780
2020-08-06,Instagram,#MeaslesOutbreak,Positive,833
2022-09-12,Twitter,#GetVaccinated,Positive,1128
2020-07-17,Facebook,#GetVaccinated,Positive,1256
2022-07-13,Twitter,#StayHealthy,Neutral,1049
2022-01-22,Twitter,#GetVaccinated,Neutral,1204
2021-02-11,Twitter,#StayHealthy,Neutral,1148
2021-03-23,Instagram,#GetVaccinated,Neutral,707
2021-08-30,Instagram,#FluSeason,Neutral,1419
2022-06-22,Instagram,#GetVaccinated,Positive,606
2020-06-16,Twitter,#FluVaccine,Positive,1555
2022-02-14,Twitter,#StayHealthy,Negative,1721
2022-02-28,Facebook,#FluVaccine,Positive,353
2022-09-24,Facebook,#FluSeason,Negative,1729
2021-11-24,Twitter,#MeaslesOutbreak,Neutral,717
2021-12-29,Instagram,#GetVaccinated,Negative,1382
2021-01-16,Instagram,#StayHealthy,Positive,1769
2020-08-15,Facebook,#FluVaccine,Positive,880
2022-06-16,Instagram,#MeaslesOutbreak,Positive,866
2021-07-01,Twitter,#FluSeason,Positive,775
2021-11-03,Facebook,#StayHealthy,Negative,1269
2022-03-22,Facebook,#GetVaccinated,Neutral,1625
2021-04-11,Facebook,#GetVaccinated,Positive,1709
2020-04-05,Instagram,#StayHealthy,Positive,1578
2022-04-22,Twitter,#StayHealthy,Negative,230
2020-02-06,Facebook,#MeaslesOutbreak,Neutral,122
2021-07-06,Facebook,#FluVaccine,Neutral,1338
2021-01-25,Twitter,#StayHealthy,Neutral,1091
2021-12-18,Facebook,#GetVaccinated,Neutral,1555
2021-12-24,Instagram,#FluSeason,Neutral,1999
2022-06-24,Instagram,#FluSeason,Negative,1694
2020-11-24,Instagram,#FluVaccine,Neutral,1779
2022-05-05,Twitter,#GetVaccinated,Positive,284
2022-05-19,Twitter,#FluSeason,Neutral,1502
2020-08-05,Facebook,#FluSeason,Negative,1370
2020-12-15,Facebook,#GetVaccinated,Negative,1922
2022-05-24,Twitter,#StayHealthy,Neutral,425
2021-08-26,Instagram,#FluVaccine,Positive,580
2022-05-03,Facebook,#FluSeason,Positive,760
2021-04-05,Twitter,#GetVaccinated,Positive,1322
2020-02-04,Twitter,#MeaslesOutbreak,Negative,270
2020-05-27,Instagram,#FluSeason,Negative,1011
2020-12-25,Instagram,#MeaslesOutbreak,Neutral,467
2021-06-12,Facebook,#FluSeason,Neutral,142
2021-03-29,Twitter,#FluVaccine,Neutral,694
2022-04-03,Twitter,#StayHealthy,Positive,654
2021-01-18,Instagram,#StayHealthy,Negative,258
2020-04-21,Facebook,#FluVaccine,Negative,1400
2022-07-20,Instagram,#GetVaccinated,Negative,1626
2022-04-16,Facebook,#FluSeason,Negative,847
2022-04-23,Twitter,#FluSeason,Positive,594
2022-01-29,Twitter,#FluVaccine,Negative,1972
2020-12-03,Twitter,#MeaslesOutbreak,Positive,866
2021-10-16,Twitter,#FluSeason,Negative,1839
2021-07-08,Instagram,#GetVaccinated,Neutral,746
2022-01-28,Facebook,#MeaslesOutbreak,Negative,1380
2022-02-27,Twitter,#StayHealthy,Positive,610
2021-08-13,Facebook,#FluVaccine,Neutral,869
2020-09-30,Instagram,#FluVaccine,Negative,1135
2020-10-17,Twitter,#GetVaccinated,Neutral,1049
2021-01-07,Twitter,#MeaslesOutbreak,Positive,160
2022-01-26,Twitter,#StayHealthy,Neutral,1660
2021-05-28,Instagram,#GetVaccinated,Negative,1408
2020-12-27,Twitter,#MeaslesOutbreak,Positive,413
2021-07-30,Facebook,#MeaslesOutbreak,Positive,806
2021-01-16,Twitter,#MeaslesOutbreak,Negative,867
2021-07-08,Instagram,#FluSeason,Positive,283
2021-12-21,Facebook,#StayHealthy,Neutral,1564
2020-01-02,Twitter,#MeaslesOutbreak,Negative,531
2020-05-24,Twitter,#FluVaccine,Positive,1831
2022-07-28,Facebook,#FluVaccine,Positive,527
2020-10-10,Instagram,#StayHealthy,Neutral,849
2021-08-27,Facebook,#FluVaccine,Negative,537
2021-12-25,Twitter,#FluVaccine,Positive,1441
2020-04-02,Facebook,#GetVaccinated,Negative,1561
2020-03-14,Facebook,#GetVaccinated,Negative,653
2021-07-30,Twitter,#FluSeason,Positive,351
2020-11-28,Twitter,#FluVaccine,Neutral,1524
2020-11-23,Instagram,#GetVaccinated,Neutral,1231
2020-10-19,Facebook,#MeaslesOutbreak,Neutral,932
2021-04-12,Facebook,#FluSeason,Negative,1403
2021-04-14,Twitter,#FluSeason,Positive,1714
2021-02-07,Twitter,#StayHealthy,Positive,370
2021-09-12,Twitter,#StayHealthy,Negative,1929
2022-01-29,Facebook,#FluVaccine,Neutral,1369
2021-01-16,Twitter,#MeaslesOutbreak,Negative,1308
2022-03-24,Facebook,#GetVaccinated,Neutral,1843
2021-06-29,Facebook,#FluSeason,Positive,1616
2020-06-27,Instagram,#MeaslesOutbreak,Negative,1699
2021-03-05,Instagram,#MeaslesOutbreak,Positive,1605
2021-06-01,Instagram,#FluSeason,Positive,1135
2021-03-28,Instagram,#MeaslesOutbreak,Neutral,1192
2020-08-25,Facebook,#MeaslesOutbreak,Negative,1255
2020-02-13,Facebook,#StayHealthy,Negative,1063
2021-03-11,Twitter,#StayHealthy,Neutral,785
2021-02-25,Instagram,#MeaslesOutbreak,Neutral,1040
2022-07-31,Instagram,#MeaslesOutbreak,Positive,642
2021-02-05,Twitter,#GetVaccinated,Negative,1148
2020-02-03,Twitter,#StayHealthy,Neutral,213
2021-05-14,Twitter,#GetVaccinated,Negative,1118
2021-03-17,Twitter,#MeaslesOutbreak,Positive,435
2020-04-25,Instagram,#StayHealthy,Positive,588
2022-07-19,Facebook,#StayHealthy,Positive,681
2021-07-09,Instagram,#GetVaccinated,Neutral,846
2021-02-19,Instagram,#StayHealthy,Positive,669
2021-08-13,Twitter,#FluSeason,Neutral,567
2020-09-22,Instagram,#StayHealthy,Positive,228
2022-07-30,Twitter,#FluSeason,Neutral,1432
2022-01-04,Twitter,#MeaslesOutbreak,Positive,307
2020-04-25,Facebook,#GetVaccinated,Negative,903
2021-12-27,Facebook,#MeaslesOutbreak,Positive,1794
2020-10-12,Facebook,#FluVaccine,Positive,1692
2021-10-22,Instagram,#StayHealthy,Neutral,663
2021-12-22,Instagram,#GetVaccinated,Neutral,834
2022-08-16,Twitter,#FluVaccine,Neutral,277
2022-07-08,Facebook,#MeaslesOutbreak,Neutral,237
2022-06-21,Instagram,#GetVaccinated,Negative,787
2021-05-17,Twitter,#GetVaccinated,Negative,383
2022-08-10,Instagram,#StayHealthy,Neutral,496
2022-07-11,Instagram,#MeaslesOutbreak,Negative,1803
2021-07-24,Instagram,#StayHealthy,Neutral,1041
2021-11-25,Instagram,#FluVaccine,Positive,1773
2021-03-21,Twitter,#StayHealthy,Neutral,1132
2020-12-05,Twitter,#MeaslesOutbreak,Neutral,969
2020-08-13,Instagram,#GetVaccinated,Neutral,596
2022-08-03,Instagram,#FluVaccine,Negative,223
2022-06-03,Facebook,#GetVaccinated,Neutral,334
2021-03-22,Instagram,#FluSeason,Neutral,1982
2020-02-17,Twitter,#MeaslesOutbreak,Neutral,689
2021-03-22,Facebook,#MeaslesOutbreak,Neutral,1522
2021-11-08,Facebook,#FluVaccine,Neutral,726
2020-06-16,Facebook,#FluVaccine,Positive,967
2020-08-21,Instagram,#GetVaccinated,Negative,973
2020-09-05,Facebook,#FluSeason,Negative,418
2022-08-02,Twitter,#MeaslesOutbreak,Neutral,1175
2021-02-04,Instagram,#GetVaccinated,Positive,908
2020-11-17,Twitter,#FluVaccine,Neutral,513
2022-03-13,Twitter,#GetVaccinated,Negative,1609
2020-05-15,Instagram,#FluSeason,Negative,1133
2020-06-18,Instagram,#FluVaccine,Neutral,843
2022-06-06,Twitter,#StayHealthy,Negative,1289
2020-08-31,Facebook,#FluSeason,Positive,1859
2020-03-19,Facebook,#StayHealthy,Positive,1229
2022-07-21,Facebook,#GetVaccinated,Negative,358
2021-01-29,Instagram,#MeaslesOutbreak,Positive,1540
2020-05-29,Instagram,#StayHealthy,Positive,1491
2022-09-05,Facebook,#GetVaccinated,Neutral,1547
2020-02-03,Instagram,#MeaslesOutbreak,Positive,1572
2022-04-19,Facebook,#FluVaccine,Positive,1429
2021-10-23,Twitter,#MeaslesOutbreak,Negative,654
2020-03-23,Instagram,#FluVaccine,Neutral,1330
2021-12-29,Twitter,#MeaslesOutbreak,Negative,1800
2020-02-08,Twitter,#GetVaccinated,Positive,721
2020-06-26,Facebook,#FluVaccine,Neutral,160
2020-02-19,Facebook,#GetVaccinated,Positive,313
2022-02-06,Twitter,#MeaslesOutbreak,Negative,1208
2021-07-09,Facebook,#FluSeason,Negative,954
2020-11-22,Facebook,#MeaslesOutbreak,Neutral,1041
2020-11-09,Facebook,#GetVaccinated,Negative,1536
2022-06-15,Facebook,#FluSeason,Negative,1642
2021-07-16,Twitter,#StayHealthy,Negative,1998
2021-05-17,Twitter,#FluVaccine,Negative,554
2020-07-05,Instagram,#MeaslesOutbreak,Negative,776
2021-11-16,Twitter,#MeaslesOutbreak,Positive,963
2022-05-19,Instagram,#StayHealthy,Positive,1786
2022-06-04,Facebook,#FluVaccine,Positive,711
2020-03-22,Facebook,#StayHealthy,Positive,1872
2020-07-06,Facebook,#FluVaccine,Positive,981
2021-08-27,Instagram,#StayHealthy,Positive,1412
2021-03-07,Instagram,#FluSeason,Negative,1875
2020-08-28,Instagram,#FluVaccine,Positive,492
2020-01-26,Twitter,#FluSeason,Positive,1044
2021-08-04,Twitter,#StayHealthy,Positive,339
2020-06-07,Instagram,#GetVaccinated,Positive,1881
2021-11-21,Facebook,#MeaslesOutbreak,Neutral,1052
2021-10-04,Facebook,#MeaslesOutbreak,Neutral,351
2020-06-30,Twitter,#StayHealthy,Neutral,736
2020-03-10,Facebook,#FluVaccine,Neutral,1315
2020-04-12,Facebook,#GetVaccinated,Neutral,1618
2022-06-06,Facebook,#FluVaccine,Negative,1204
2021-12-23,Instagram,#StayHealthy,Positive,517
2020-03-16,Facebook,#FluSeason,Negative,667
2020-07-24,Twitter,#StayHealthy,Negative,161
2022-01-26,Instagram,#StayHealthy,Positive,1324
2022-05-17,Instagram,#FluVaccine,Neutral,1486
2021-07-06,Twitter,#GetVaccinated,Neutral,843
2021-10-11,Twitter,#GetVaccinated,Positive,1153
2022-02-05,Facebook,#FluVaccine,Negative,1975
2021-09-30,Instagram,#MeaslesOutbreak,Negative,674
2022-06-28,Facebook,#StayHealthy,Positive,1903
2022-08-30,Facebook,#GetVaccinated,Neutral,769
2021-12-03,Instagram,#FluSeason,Positive,686
2022-01-24,Instagram,#MeaslesOutbreak,Neutral,289
2022-06-19,Facebook,#FluSeason,Negative,220
2020-08-04,Instagram,#StayHealthy,Negative,133
2020-05-21,Instagram,#FluVaccine,Neutral,1471
2022-08-13,Facebook,#FluVaccine,Negative,853
2020-04-06,Instagram,#FluSeason,Positive,1309
2021-08-05,Instagram,#StayHealthy,Negative,1611
2020-08-22,Twitter,#StayHealthy,Neutral,1604
2022-02-21,Facebook,#StayHealthy,Neutral,1848
2022-01-06,Facebook,#MeaslesOutbreak,Negative,1464
2020-11-10,Twitter,#GetVaccinated,Positive,1656
2022-05-29,Twitter,#MeaslesOutbreak,Positive,1515
2022-06-16,Facebook,#GetVaccinated,Positive,951
2020-01-03,Twitter,#GetVaccinated,Positive,1662
2021-10-01,Instagram,#FluVaccine,Positive,749
2020-09-13,Twitter,#StayHealthy,Neutral,1897
2021-02-23,Instagram,#StayHealthy,Positive,696
2021-07-31,Facebook,#FluVaccine,Positive,499
2022-09-08,Facebook,#FluVaccine,Neutral,1705
2020-05-17,Instagram,#FluVaccine,Neutral,1952
2022-01-25,Instagram,#MeaslesOutbreak,Negative,311
2021-04-27,Facebook,#GetVaccinated,Neutral,545
2022-03-15,Facebook,#StayHealthy,Negative,894
2020-05-18,Instagram,#FluVaccine,Negative,1134
2020-08-03,Twitter,#FluVaccine,Neutral,807
2020-10-04,Twitter,#MeaslesOutbreak,Neutral,1188
2021-06-24,Facebook,#GetVaccinated,Neutral,1278
2020-02-07,Facebook,#FluVaccine,Negative,770
2020-03-02,Twitter,#FluSeason,Negative,778
2022-01-08,Instagram,#MeaslesOutbreak,Positive,1753
2020-02-01,Instagram,#MeaslesOutbreak,Negative,1825
2021-08-11,Instagram,#MeaslesOutbreak,Positive,601
2020-12-10,Facebook,#StayHealthy,Positive,115
2021-02-22,Facebook,#GetVaccinated,Neutral,646
2021-10-13,Instagram,#FluSeason,Negative,311
2020-06-15,Facebook,#StayHealthy,Positive,233
2022-03-18,Twitter,#FluVaccine,Negative,1864
2022-09-17,Twitter,#MeaslesOutbreak,Negative,676
2020-05-10,Instagram,#StayHealthy,Neutral,1379
2021-05-03,Twitter,#GetVaccinated,Positive,1830
2021-05-06,Twitter,#FluVaccine,Negative,588
2021-08-22,Facebook,#FluVaccine,Positive,1793
2021-05-18,Facebook,#MeaslesOutbreak,Positive,1010
2020-08-27,Instagram,#MeaslesOutbreak,Positive,962
2020-07-19,Twitter,#FluSeason,Positive,117
2021-11-12,Twitter,#GetVaccinated,Negative,1852
2021-05-11,Facebook,#FluVaccine,Negative,1831
2020-06-03,Instagram,#MeaslesOutbreak,Neutral,666
2022-04-05,Facebook,#MeaslesOutbreak,Negative,1722
2021-10-13,Twitter,#GetVaccinated,Negative,1804
2021-12-10,Facebook,#FluSeason,Neutral,297
2022-01-13,Instagram,#FluVaccine,Negative,1124
2022-06-09,Instagram,#GetVaccinated,Neutral,744
2022-04-08,Twitter,#FluVaccine,Negative,939
2022-05-02,Facebook,#MeaslesOutbreak,Positive,690
2021-01-28,Instagram,#GetVaccinated,Positive,1557
2020-03-06,Facebook,#MeaslesOutbreak,Negative,1876
2020-12-29,Instagram,#MeaslesOutbreak,Negative,1519
2020-11-01,Twitter,#FluSeason,Positive,1021
2022-03-15,Facebook,#StayHealthy,Neutral,1195
2022-03-12,Twitter,#MeaslesOutbreak,Neutral,1006
2022-05-29,Facebook,#GetVaccinated,Positive,1684
2020-05-13,Twitter,#FluSeason,Positive,491
2022-02-12,Facebook,#MeaslesOutbreak,Neutral,1242
2020-11-13,Facebook,#GetVaccinated,Positive,997
2021-04-14,Facebook,#FluSeason,Negative,626
2021-02-07,Instagram,#FluVaccine,Negative,1781
2021-03-19,Twitter,#FluSeason,Positive,1217
2022-01-15,Instagram,#StayHealthy,Positive,794
2021-03-29,Twitter,#GetVaccinated,Negative,1200
2022-08-07,Instagram,#FluVaccine,Neutral,317
2021-06-27,Instagram,#FluSeason,Negative,987
2022-02-08,Twitter,#StayHealthy,Negative,1082
2020-09-10,Twitter,#GetVaccinated,Neutral,878
2020-11-23,Instagram,#FluSeason,Negative,632
2020-06-23,Facebook,#MeaslesOutbreak,Neutral,1568
2022-03-25,Facebook,#StayHealthy,Neutral,904
2021-11-28,Instagram,#GetVaccinated,Neutral,1026
2020-12-26,Twitter,#StayHealthy,Neutral,437
2020-05-26,Instagram,#MeaslesOutbreak,Negative,1419
2020-11-12,Twitter,#StayHealthy,Negative,919
2021-11-05,Twitter,#MeaslesOutbreak,Negative,323
2020-08-10,Instagram,#StayHealthy,Neutral,199
2020-12-21,Twitter,#GetVaccinated,Neutral,1004
2020-01-28,Facebook,#StayHealthy,Positive,173
2021-01-29,Instagram,#FluVaccine,Positive,874
2021-09-25,Twitter,#GetVaccinated,Positive,972
2021-04-15,Facebook,#MeaslesOutbreak,Neutral,985
2022-05-07,Facebook,#FluSeason,Positive,1849
2020-10-16,Instagram,#StayHealthy,Negative,900
2021-08-28,Instagram,#FluSeason,Neutral,327
2021-03-26,Facebook,#FluVaccine,Negative,1082
2020-05-26,Instagram,#FluVaccine,Negative,453
2022-05-10,Twitter,#GetVaccinated,Neutral,1205
2021-05-21,Instagram,#GetVaccinated,Neutral,210
2021-06-17,Instagram,#MeaslesOutbreak,Negative,1282
2021-09-18,Instagram,#MeaslesOutbreak,Positive,1639
2021-08-25,Twitter,#FluSeason,Positive,1752
2022-01-02,Twitter,#FluVaccine,Negative,400
2022-07-31,Facebook,#FluVaccine,Neutral,1970
2020-04-07,Twitter,#GetVaccinated,Neutral,561
2020-01-16,Facebook,#FluVaccine,Positive,1926
2020-08-08,Twitter,#FluSeason,Positive,791
2020-03-31,Twitter,#FluVaccine,Negative,569
2020-05-08,Instagram,#GetVaccinated,Positive,1985
2020-05-22,Facebook,#GetVaccinated,Positive,1451
2021-08-01,Twitter,#MeaslesOutbreak,Positive,1469
2021-06-09,Facebook,#GetVaccinated,Neutral,1467
2021-04-25,Twitter,#FluSeason,Negative,1789
2022-06-24,Facebook,#StayHealthy,Negative,1725
2021-02-27,Facebook,#StayHealthy,Neutral,1147
2022-03-13,Facebook,#StayHealthy,Negative,753
2022-05-30,Instagram,#FluSeason,Neutral,824
2020-04-19,Instagram,#FluVaccine,Neutral,634
2022-01-01,Twitter,#FluSeason,Negative,1292
2020-12-28,Facebook,#MeaslesOutbreak,Positive,1586
2020-11-15,Facebook,#GetVaccinated,Negative,825
2022-08-17,Twitter,#StayHealthy,Negative,1610
2020-09-17,Instagram,#FluSeason,Neutral,1860
2020-11-22,Twitter,#StayHealthy,Positive,306
2022-04-26,Instagram,#MeaslesOutbreak,Negative,149
2020-04-18,Facebook,#FluSeason,Positive,490
2020-06-26,Twitter,#StayHealthy,Neutral,809
2021-06-15,Twitter,#StayHealthy,Neutral,442
2022-08-17,Instagram,#FluSeason,Neutral,184
2021-11-26,Instagram,#MeaslesOutbreak,Negative,1475
2021-10-05,Instagram,#FluSeason,Neutral,677
2020-06-13,Instagram,#GetVaccinated,Negative,1362
2020-03-27,Twitter,#StayHealthy,Neutral,1016
2021-04-11,Facebook,#FluSeason,Positive,1271
2022-05-25,Facebook,#FluSeason,Negative,531
2021-01-05,Twitter,#FluVaccine,Negative,1824
2020-01-30,Twitter,#FluVaccine,Negative,1021
2020-10-04,Twitter,#MeaslesOutbreak,Positive,1769
2021-12-18,Twitter,#FluVaccine,Neutral,1539
2022-02-23,Facebook,#StayHealthy,Negative,1169
2020-08-21,Facebook,#FluVaccine,Neutral,1517
2022-03-31,Facebook,#MeaslesOutbreak,Negative,1870
2021-11-13,Facebook,#MeaslesOutbreak,Neutral,1034
2020-09-30,Twitter,#FluVaccine,Positive,1076
2020-06-11,Facebook,#FluSeason,Negative,345
2021-04-14,Twitter,#StayHealthy,Negative,194
2022-03-17,Facebook,#GetVaccinated,Positive,1838
2020-05-25,Twitter,#FluVaccine,Positive,1589
2022-09-11,Facebook,#FluSeason,Positive,1785
2021-08-03,Facebook,#FluSeason,Positive,558
2020-10-13,Instagram,#MeaslesOutbreak,Positive,1328
2020-01-23,Twitter,#FluSeason,Positive,1760
2020-01-20,Instagram,#GetVaccinated,Negative,1431
2020-07-12,Facebook,#MeaslesOutbreak,Negative,974
2020-10-05,Instagram,#FluSeason,Negative,1656
2022-09-15,Instagram,#GetVaccinated,Positive,1797
2020-12-06,Instagram,#GetVaccinated,Neutral,676
2020-01-02,Twitter,#MeaslesOutbreak,Positive,511
2020-09-12,Facebook,#FluSeason,Neutral,191
2021-07-28,Facebook,#FluVaccine,Neutral,1413
2021-07-04,Instagram,#GetVaccinated,Neutral,594
2020-09-12,Facebook,#StayHealthy,Neutral,387
2021-09-29,Twitter,#StayHealthy,Negative,172
2022-06-05,Facebook,#FluSeason,Negative,862
2022-05-12,Twitter,#MeaslesOutbreak,Negative,283
2021-12-24,Facebook,#StayHealthy,Neutral,1825
2021-01-12,Facebook,#FluVaccine,Positive,643
2020-12-27,Facebook,#StayHealthy,Neutral,329
2021-09-08,Facebook,#StayHealthy,Negative,1366
2021-10-13,Facebook,#GetVaccinated,Positive,1611
2020-02-03,Facebook,#GetVaccinated,Negative,895
2021-06-10,Instagram,#MeaslesOutbreak,Negative,546
2021-11-13,Twitter,#GetVaccinated,Positive,1669
2021-02-17,Twitter,#GetVaccinated,Positive,598
2021-02-14,Instagram,#FluSeason,Positive,1759
2022-03-14,Twitter,#FluVaccine,Negative,157
2020-01-24,Facebook,#StayHealthy,Negative,508
2021-12-16,Facebook,#FluSeason,Positive,782
2020-06-03,Twitter,#GetVaccinated,Neutral,1621
2020-11-28,Twitter,#StayHealthy,Negative,578
2021-07-27,Instagram,#StayHealthy,Positive,835
2021-10-08,Instagram,#StayHealthy,Negative,1237
2020-02-02,Instagram,#MeaslesOutbreak,Negative,1135
2020-07-28,Twitter,#GetVaccinated,Neutral,805
2020-04-29,Facebook,#MeaslesOutbreak,Neutral,1687
2021-04-29,Facebook,#StayHealthy,Positive,578
2020-01-30,Facebook,#FluSeason,Positive,1802
2022-05-27,Instagram,#StayHealthy,Positive,1741
2021-02-06,Instagram,#GetVaccinated,Neutral,737
2022-09-04,Facebook,#StayHealthy,Neutral,1949
2021-07-11,Facebook,#FluVaccine,Neutral,1583
2021-04-19,Facebook,#GetVaccinated,Negative,648
2021-06-30,Facebook,#StayHealthy,Neutral,362
2022-01-26,Twitter,#GetVaccinated,Negative,707
2022-01-14,Instagram,#FluVaccine,Positive,1283
2020-03-21,Facebook,#GetVaccinated,Positive,980
2020-10-12,Instagram,#GetVaccinated,Negative,402
2021-02-26,Facebook,#GetVaccinated,Positive,1251
2021-11-19,Instagram,#MeaslesOutbreak,Positive,1600
2021-01-23,Instagram,#MeaslesOutbreak,Negative,1008
2021-08-28,Twitter,#FluSeason,Negative,110
2020-07-05,Instagram,#MeaslesOutbreak,Neutral,1720
2021-04-29,Instagram,#MeaslesOutbreak,Neutral,581
2021-01-25,Instagram,#MeaslesOutbreak,Neutral,171
2022-06-23,Facebook,#FluSeason,Negative,1120
2020-02-11,Instagram,#GetVaccinated,Positive,742
2022-07-08,Facebook,#FluSeason,Negative,691
2020-04-10,Facebook,#FluVaccine,Negative,1465
2020-05-19,Instagram,#StayHealthy,Positive,1323
2022-02-16,Instagram,#FluSeason,Neutral,141
2022-03-30,Instagram,#StayHealthy,Positive,891
2021-08-03,Facebook,#FluSeason,Negative,281
2022-08-23,Facebook,#StayHealthy,Neutral,646
2020-01-05,Instagram,#StayHealthy,Neutral,293
2022-01-08,Instagram,#GetVaccinated,Positive,1883
2020-03-28,Instagram,#MeaslesOutbreak,Positive,1476
2022-06-11,Instagram,#FluSeason,Neutral,139
2021-03-28,Instagram,#FluSeason,Neutral,1139
2021-09-23,Twitter,#FluSeason,Negative,363
2020-06-09,Twitter,#FluSeason,Negative,1893
2020-12-29,Instagram,#FluSeason,Negative,1280
2021-04-27,Facebook,#GetVaccinated,Positive,379
2021-01-12,Twitter,#GetVaccinated,Neutral,1172
2020-02-10,Facebook,#GetVaccinated,Negative,458
2020-04-21,Twitter,#GetVaccinated,Positive,514
2021-09-29,Facebook,#FluSeason,Neutral,298
2020-07-04,Instagram,#StayHealthy,Negative,216
2020-07-25,Facebook,#FluSeason,Positive,976
2021-09-26,Facebook,#StayHealthy,Neutral,1617
2021-08-07,Twitter,#FluSeason,Positive,576
2021-02-28,Facebook,#FluVaccine,Neutral,304
2020-10-27,Instagram,#GetVaccinated,Negative,1079
2021-12-31,Instagram,#StayHealthy,Negative,169
2021-12-09,Instagram,#GetVaccinated,Neutral,1037
2020-06-29,Facebook,#MeaslesOutbreak,Neutral,1787
2021-02-03,Twitter,#FluVaccine,Neutral,1989
2021-11-01,Twitter,#GetVaccinated,Negative,1581
2022-06-09,Facebook,#StayHealthy,Positive,504
2022-07-04,Twitter,#FluSeason,Positive,580
2021-03-01,Facebook,#FluSeason,Positive,1209
2022-03-23,Facebook,#StayHealthy,Positive,953
2020-12-12,Instagram,#MeaslesOutbreak,Negative,1419
2022-06-10,Twitter,#StayHealthy,Positive,1055
2021-02-19,Facebook,#StayHealthy,Neutral,1985
2020-10-30,Facebook,#FluSeason,Neutral,821
2022-04-26,Twitter,#StayHealthy,Negative,156
2020-05-24,Facebook,#MeaslesOutbreak,Positive,1607
2022-02-18,Facebook,#MeaslesOutbreak,Positive,1606
2022-02-28,Twitter,#GetVaccinated,Positive,889
2020-10-04,Twitter,#FluVaccine,Neutral,1483
2022-01-12,Twitter,#MeaslesOutbreak,Positive,1630
2021-09-25,Twitter,#FluSeason,Positive,1204
2020-11-01,Facebook,#StayHealthy,Negative,1702
2021-11-27,Instagram,#GetVaccinated,Neutral,1039
2020-10-08,Facebook,#GetVaccinated,Positive,785
2020-02-21,Twitter,#MeaslesOutbreak,Negative,1313
2020-03-08,Twitter,#MeaslesOutbreak,Positive,1075
2022-05-21,Facebook,#StayHealthy,Positive,1652
2021-08-30,Facebook,#MeaslesOutbreak,Neutral,773
2021-07-15,Facebook,#GetVaccinated,Positive,473
2022-04-26,Instagram,#FluVaccine,Positive,1290
2020-02-29,Facebook,#StayHealthy,Neutral,247
2020-11-03,Instagram,#GetVaccinated,Positive,1085
2020-09-27,Twitter,#MeaslesOutbreak,Positive,1545
2022-01-26,Instagram,#FluSeason,Positive,1414
2020-12-06,Instagram,#StayHealthy,Neutral,1554
2020-06-10,Facebook,#StayHealthy,Neutral,1258
2021-10-16,Facebook,#MeaslesOutbreak,Negative,768
2021-04-09,Instagram,#FluSeason,Negative,363
2021-10-18,Instagram,#GetVaccinated,Neutral,1401
2022-06-07,Instagram,#GetVaccinated,Neutral,988
2020-10-05,Facebook,#FluVaccine,Positive,1314
2021-05-06,Instagram,#StayHealthy,Neutral,262
2022-02-26,Facebook,#FluVaccine,Positive,695
2020-06-02,Twitter,#FluVaccine,Neutral,229
2020-04-11,Twitter,#GetVaccinated,Negative,1608
2020-07-11,Twitter,#StayHealthy,Positive,945
2022-03-27,Instagram,#FluVaccine,Negative,1868
2022-03-10,Twitter,#FluVaccine,Neutral,1408
2022-01-13,Instagram,#FluVaccine,Neutral,1996
2021-03-16,Instagram,#FluVaccine,Negative,1340
2020-11-07,Instagram,#GetVaccinated,Negative,1869
2020-09-06,Instagram,#StayHealthy,Neutral,1669
2022-07-28,Facebook,#GetVaccinated,Negative,1449
2020-03-07,Instagram,#FluSeason,Positive,1415
2020-09-11,Instagram,#MeaslesOutbreak,Negative,1091
2021-01-10,Facebook,#GetVaccinated,Positive,1420
2020-04-28,Instagram,#StayHealthy,Negative,195
2021-08-22,Twitter,#MeaslesOutbreak,Negative,1047
2021-10-08,Twitter,#StayHealthy,Neutral,552
2021-10-22,Instagram,#FluVaccine,Positive,603
2022-06-25,Instagram,#FluSeason,Neutral,1428
2021-06-25,Facebook,#MeaslesOutbreak,Positive,1905
2022-07-27,Facebook,#StayHealthy,Neutral,140
2020-09-17,Twitter,#GetVaccinated,Positive,1864
2022-05-31,Instagram,#StayHealthy,Negative,418
2022-01-15,Twitter,#StayHealthy,Neutral,1032
2021-12-24,Instagram,#FluVaccine,Neutral,1043
2021-08-06,Facebook,#MeaslesOutbreak,Negative,1734
2022-01-31,Twitter,#GetVaccinated,Negative,1037
2022-06-15,Facebook,#StayHealthy,Negative,1487
2021-11-07,Twitter,#FluVaccine,Negative,1997
2020-05-23,Twitter,#FluVaccine,Neutral,251
2020-11-10,Facebook,#FluVaccine,Negative,1355
2020-01-05,Instagram,#GetVaccinated,Negative,435
2020-01-10,Instagram,#FluVaccine,Negative,1021
2021-03-25,Twitter,#MeaslesOutbreak,Neutral,305
2022-06-21,Instagram,#GetVaccinated,Negative,1732
2021-03-09,Twitter,#FluSeason,Neutral,318
2021-06-12,Twitter,#FluSeason,Positive,1322
2020-10-26,Facebook,#FluSeason,Neutral,987
2021-06-28,Facebook,#MeaslesOutbreak,Positive,429
2020-04-22,Facebook,#MeaslesOutbreak,Positive,395
2021-06-20,Facebook,#MeaslesOutbreak,Negative,1261
2022-04-16,Facebook,#FluSeason,Neutral,1894
2022-07-22,Facebook,#StayHealthy,Positive,1797
2020-10-22,Instagram,#MeaslesOutbreak,Positive,1377
2020-10-10,Twitter,#GetVaccinated,Negative,685
2021-05-21,Twitter,#FluVaccine,Negative,1877
2020-07-05,Facebook,#GetVaccinated,Negative,159
2021-05-05,Twitter,#MeaslesOutbreak,Positive,362
2020-10-14,Twitter,#FluVaccine,Neutral,459
2021-01-29,Facebook,#MeaslesOutbreak,Positive,496
2022-05-22,Facebook,#StayHealthy,Neutral,1032
2022-04-10,Instagram,#FluSeason,Negative,199
2021-04-03,Twitter,#FluSeason,Negative,408
2020-09-27,Twitter,#FluVaccine,Positive,1726
2020-01-08,Facebook,#FluVaccine,Neutral,416
2022-02-25,Twitter,#FluSeason,Neutral,455
2022-09-22,Facebook,#GetVaccinated,Positive,861
2020-06-11,Facebook,#StayHealthy,Positive,747
2021-07-15,Facebook,#GetVaccinated,Negative,1649
2020-06-26,Twitter,#FluSeason,Negative,820
2020-02-23,Instagram,#StayHealthy,Positive,1284
2021-11-29,Instagram,#FluVaccine,Neutral,1631
2020-11-20,Facebook,#FluSeason,Negative,543
2020-08-11,Twitter,#MeaslesOutbreak,Negative,112
2020-11-11,Facebook,#StayHealthy,Positive,183
2020-03-20,Instagram,#GetVaccinated,Positive,782
2021-11-04,Twitter,#FluSeason,Neutral,236
2021-08-10,Facebook,#FluVaccine,Positive,1091
2020-01-03,Facebook,#MeaslesOutbreak,Positive,751
2022-01-16,Facebook,#MeaslesOutbreak,Neutral,1174
2022-04-15,Facebook,#FluSeason,Negative,389
2021-11-17,Facebook,#FluVaccine,Neutral,525
2021-11-26,Twitter,#MeaslesOutbreak,Positive,1572
2022-05-04,Instagram,#FluVaccine,Negative,1189
2020-10-15,Facebook,#GetVaccinated,Negative,1547
2020-12-24,Facebook,#MeaslesOutbreak,Positive,1585
2020-07-23,Facebook,#GetVaccinated,Positive,1386
2021-07-12,Facebook,#FluVaccine,Negative,1266
2021-01-14,Facebook,#MeaslesOutbreak,Positive,1263
2020-01-02,Facebook,#FluSeason,Positive,1596
2022-08-26,Facebook,#FluSeason,Positive,1150
2020-06-19,Facebook,#FluSeason,Negative,876
2022-05-13,Instagram,#GetVaccinated,Negative,1551
2021-11-25,Twitter,#StayHealthy,Neutral,1080
2020-01-13,Facebook,#FluVaccine,Negative,1438
2020-08-20,Facebook,#MeaslesOutbreak,Neutral,381
2021-02-20,Twitter,#FluSeason,Neutral,1314
2020-07-17,Instagram,#StayHealthy,Positive,521
2020-11-19,Facebook,#FluVaccine,Neutral,502
2021-08-22,Instagram,#MeaslesOutbreak,Positive,121
2022-04-30,Facebook,#FluSeason,Negative,1672
2021-06-27,Facebook,#MeaslesOutbreak,Positive,142
2022-04-20,Facebook,#GetVaccinated,Neutral,1855
2021-03-09,Twitter,#MeaslesOutbreak,Negative,418
2022-09-19,Twitter,#FluVaccine,Positive,1534
2021-09-13,Instagram,#GetVaccinated,Positive,718
2021-11-16,Facebook,#MeaslesOutbreak,Neutral,1332
2021-03-17,Twitter,#MeaslesOutbreak,Negative,490
2021-07-31,Facebook,#FluSeason,Positive,1604
2020-05-20,Twitter,#FluVaccine,Negative,374
2020-01-06,Twitter,#GetVaccinated,Negative,1378
2022-03-10,Twitter,#GetVaccinated,Negative,189
2020-11-14,Facebook,#FluSeason,Positive,1606
2022-02-02,Instagram,#StayHealthy,Positive,441
2020-07-06,Instagram,#StayHealthy,Positive,446
2020-06-14,Facebook,#StayHealthy,Positive,700
2022-01-19,Twitter,#FluSeason,Neutral,897
2022-07-13,Facebook,#StayHealthy,Positive,455
2021-05-03,Instagram,#MeaslesOutbreak,Negative,557
2020-07-11,Facebook,#GetVaccinated,Neutral,110
2020-10-28,Twitter,#FluSeason,Neutral,1617
2022-01-29,Facebook,#FluVaccine,Negative,366
2022-05-17,Instagram,#FluVaccine,Negative,1868
2022-04-06,Instagram,#FluVaccine,Negative,528
2020-11-16,Facebook,#FluSeason,Negative,1208
2022-09-19,Twitter,#GetVaccinated,Positive,1430
2021-06-25,Facebook,#GetVaccinated,Negative,1394
2022-05-29,Instagram,#GetVaccinated,Neutral,895
2021-03-31,Facebook,#StayHealthy,Negative,1544
2022-09-10,Instagram,#FluVaccine,Neutral,120
2021-08-06,Facebook,#GetVaccinated,Neutral,794
2020-06-22,Twitter,#StayHealthy,Neutral,1840
2022-08-16,Twitter,#GetVaccinated,Negative,896
2021-02-22,Instagram,#FluSeason,Positive,334
2022-04-22,Facebook,#FluSeason,Positive,1616
2021-11-06,Facebook,#StayHealthy,Negative,952
2021-10-15,Facebook,#FluVaccine,Positive,1419
2020-09-29,Instagram,#FluVaccine,Positive,304
2021-08-07,Facebook,#GetVaccinated,Neutral,988
2022-07-27,Instagram,#GetVaccinated,Neutral,775
2020-06-16,Twitter,#FluVaccine,Neutral,1622
2022-04-17,Instagram,#FluVaccine,Negative,514
2020-07-25,Twitter,#GetVaccinated,Negative,1097
2020-09-28,Facebook,#FluVaccine,Neutral,1536
2022-09-02,Facebook,#MeaslesOutbreak,Neutral,1591
2020-05-06,Twitter,#GetVaccinated,Neutral,484
2022-09-11,Facebook,#MeaslesOutbreak,Neutral,850
2021-06-01,Instagram,#GetVaccinated,Negative,217
2021-05-11,Facebook,#FluVaccine,Negative,1001
2022-03-23,Facebook,#MeaslesOutbreak,Negative,338
2022-06-06,Twitter,#GetVaccinated,Neutral,274
2022-04-06,Twitter,#FluSeason,Positive,1012
2020-12-25,Facebook,#FluSeason,Neutral,1888
2021-01-29,Instagram,#StayHealthy,Positive,1840
2020-11-28,Instagram,#GetVaccinated,Negative,831
2020-10-10,Facebook,#StayHealthy,Neutral,299
2021-09-26,Instagram,#GetVaccinated,Negative,1695
2021-05-25,Twitter,#GetVaccinated,Negative,1262
2022-08-27,Facebook,#FluVaccine,Positive,648
2020-02-02,Facebook,#GetVaccinated,Positive,1182
2020-09-23,Instagram,#StayHealthy,Neutral,1533
2020-01-04,Twitter,#MeaslesOutbreak,Negative,1712
2021-10-04,Twitter,#StayHealthy,Neutral,1780
2022-08-20,Twitter,#StayHealthy,Neutral,1698
2020-11-20,Instagram,#FluSeason,Positive,1763
2021-02-28,Instagram,#GetVaccinated,Negative,1342
2020-04-08,Instagram,#GetVaccinated,Negative,1532
2020-10-01,Facebook,#FluVaccine,Positive,1511
2021-07-07,Facebook,#FluVaccine,Positive,1437
2020-07-29,Facebook,#FluVaccine,Neutral,1502
2021-12-21,Instagram,#FluSeason,Positive,1471
2020-09-15,Instagram,#FluSeason,Positive,247
2020-04-30,Twitter,#StayHealthy,Positive,1421
2021-06-10,Twitter,#GetVaccinated,Neutral,137
2021-01-01,Facebook,#MeaslesOutbreak,Positive,1422
2020-08-09,Twitter,#StayHealthy,Negative,884
2022-08-14,Facebook,#FluSeason,Positive,513
2020-07-25,Twitter,#StayHealthy,Negative,1153
2021-01-17,Instagram,#FluSeason,Neutral,1308
2021-07-18,Instagram,#FluSeason,Neutral,1335
2022-03-06,Instagram,#FluVaccine,Neutral,1338
2021-07-01,Facebook,#FluSeason,Negative,478
2020-12-25,Instagram,#MeaslesOutbreak,Positive,486
2020-06-23,Instagram,#MeaslesOutbreak,Negative,946
2020-07-24,Instagram,#StayHealthy,Neutral,1930
2021-12-09,Twitter,#FluVaccine,Negative,227
2021-02-15,Instagram,#FluVaccine,Positive,1308
2021-09-04,Twitter,#MeaslesOutbreak,Positive,1615
2020-08-07,Instagram,#MeaslesOutbreak,Neutral,545
2022-03-08,Facebook,#GetVaccinated,Positive,590
2021-09-12,Instagram,#GetVaccinated,Positive,110
2021-03-29,Instagram,#FluVaccine,Positive,711
2020-07-16,Facebook,#MeaslesOutbreak,Neutral,1526
2020-11-01,Facebook,#StayHealthy,Negative,343
2020-11-28,Instagram,#FluVaccine,Neutral,1829
2020-09-07,Twitter,#MeaslesOutbreak,Positive,877
2020-03-02,Instagram,#FluVaccine,Negative,624
2021-09-20,Instagram,#FluSeason,Negative,1354
2022-05-09,Twitter,#StayHealthy,Positive,1181
2021-07-07,Facebook,#FluSeason,Positive,1255
2020-08-16,Facebook,#FluSeason,Neutral,1662
2021-01-31,Instagram,#FluSeason,Negative,1974
2022-03-19,Instagram,#StayHealthy,Neutral,173
2021-05-11,Facebook,#GetVaccinated,Neutral,280
2022-04-14,Twitter,#FluSeason,Negative,364
2020-08-26,Instagram,#StayHealthy,Positive,1120
2021-09-19,Facebook,#GetVaccinated,Positive,1100
2021-08-25,Facebook,#StayHealthy,Negative,1838
2020-09-29,Twitter,#FluSeason,Positive,1592
2020-01-01,Facebook,#StayHealthy,Negative,1305
2022-08-18,Facebook,#FluVaccine,Positive,341
2021-05-08,Facebook,#StayHealthy,Negative,1693
2022-04-21,Twitter,#FluVaccine,Negative,258
2020-09-02,Instagram,#FluSeason,Neutral,1758
2022-08-12,Twitter,#FluVaccine,Neutral,233
2021-04-19,Facebook,#GetVaccinated,Positive,984
2021-08-16,Twitter,#MeaslesOutbreak,Positive,794
2022-08-19,Twitter,#StayHealthy,Neutral,936
2021-01-19,Instagram,#MeaslesOutbreak,Negative,985
2020-11-09,Twitter,#FluSeason,Neutral,774
2021-03-23,Instagram,#MeaslesOutbreak,Negative,948
2021-04-11,Facebook,#FluVaccine,Negative,1581
2021-05-13,Twitter,#MeaslesOutbreak,Positive,551
2021-05-12,Twitter,#FluSeason,Neutral,941
2022-06-17,Instagram,#GetVaccinated,Negative,426
2022-06-16,Instagram,#FluVaccine,Negative,307
2021-06-18,Facebook,#FluVaccine,Negative,1763
2020-01-22,Twitter,#GetVaccinated,Positive,1194
2020-05-02,Twitter,#FluVaccine,Neutral,1786
2020-12-12,Facebook,#GetVaccinated,Negative,1909
2021-08-28,Instagram,#FluSeason,Positive,486
2020-04-18,Facebook,#GetVaccinated,Neutral,898
2021-05-04,Twitter,#StayHealthy,Neutral,317
2022-07-17,Facebook,#FluVaccine,Negative,362
2021-09-27,Instagram,#GetVaccinated,Positive,471
2020-04-18,Twitter,#FluSeason,Positive,928
2022-01-24,Instagram,#MeaslesOutbreak,Negative,207
2021-03-12,Instagram,#StayHealthy,Negative,1272
2021-12-25,Twitter,#FluVaccine,Negative,764
2020-07-29,Facebook,#StayHealthy,Neutral,1770
2020-06-29,Instagram,#MeaslesOutbreak,Neutral,917
2021-09-09,Facebook,#StayHealthy,Positive,382
2022-09-15,Facebook,#StayHealthy,Neutral,1312
2021-10-03,Instagram,#MeaslesOutbreak,Neutral,320
2021-06-08,Facebook,#StayHealthy,Negative,174
2020-10-10,Twitter,#FluVaccine,Positive,757
2020-07-08,Twitter,#FluVaccine,Neutral,1801
2020-10-13,Twitter,#StayHealthy,Positive,1246
2020-01-17,Facebook,#MeaslesOutbreak,Neutral,902
2021-10-31,Twitter,#FluVaccine,Neutral,829
2022-01-07,Facebook,#StayHealthy,Negative,1594
2020-09-17,Instagram,#FluVaccine,Negative,320
2022-01-19,Instagram,#GetVaccinated,Negative,1661
2022-09-11,Twitter,#MeaslesOutbreak,Negative,110
2021-09-06,Twitter,#FluVaccine,Positive,1634
2022-05-06,Facebook,#GetVaccinated,Neutral,981
2022-03-16,Facebook,#GetVaccinated,Neutral,1291
2020-10-05,Twitter,#StayHealthy,Positive,1470
2021-06-29,Instagram,#FluSeason,Positive,1072
2022-01-20,Facebook,#FluSeason,Negative,304
2021-07-06,Facebook,#StayHealthy,Negative,1518
2022-01-26,Instagram,#StayHealthy,Neutral,1488
2022-02-09,Twitter,#StayHealthy,Positive,1882
2020-06-04,Facebook,#MeaslesOutbreak,Negative,865
2020-11-13,Twitter,#MeaslesOutbreak,Negative,796
2021-02-03,Instagram,#MeaslesOutbreak,Neutral,800
2020-10-02,Instagram,#MeaslesOutbreak,Positive,1203
2020-04-03,Facebook,#FluSeason,Positive,541
2020-02-14,Twitter,#MeaslesOutbreak,Neutral,1044
2020-10-26,Twitter,#StayHealthy,Neutral,740
2022-04-02,Facebook,#FluVaccine,Negative,364
2020-06-27,Facebook,#MeaslesOutbreak,Negative,460
2021-08-19,Instagram,#FluSeason,Negative,1242
2022-06-21,Twitter,#FluVaccine,Positive,233
2020-10-07,Facebook,#FluSeason,Positive,773
2022-05-13,Twitter,#FluSeason,Neutral,1419
2020-03-22,Instagram,#FluVaccine,Neutral,698
2020-06-07,Instagram,#MeaslesOutbreak,Positive,936
2020-03-12,Instagram,#FluSeason,Neutral,279
2021-06-18,Instagram,#MeaslesOutbreak,Negative,1594
2021-02-28,Twitter,#GetVaccinated,Positive,1296
2021-12-07,Facebook,#MeaslesOutbreak,Negative,1235
2020-07-01,Instagram,#GetVaccinated,Negative,1676
2021-10-14,Facebook,#GetVaccinated,Negative,622
2022-01-04,Facebook,#GetVaccinated,Negative,1967
2020-09-30,Facebook,#FluSeason,Positive,1214
2021-07-26,Instagram,#FluSeason,Positive,968
2022-04-21,Twitter,#FluVaccine,Positive,548
2020-05-23,Facebook,#FluSeason,Neutral,854
2020-09-27,Instagram,#FluSeason,Positive,963
2020-06-22,Facebook,#FluVaccine,Neutral,349
2022-07-20,Instagram,#FluSeason,Negative,1259
2022-06-13,Instagram,#GetVaccinated,Negative,1161
2022-05-19,Instagram,#GetVaccinated,Negative,1323
2022-03-05,Twitter,#FluSeason,Positive,164
2020-11-21,Twitter,#MeaslesOutbreak,Positive,1847
2022-09-09,Facebook,#StayHealthy,Neutral,1688
2022-09-16,Instagram,#MeaslesOutbreak,Positive,1791
2022-04-09,Facebook,#FluSeason,Neutral,1389
2021-12-17,Instagram,#FluVaccine,Neutral,644
2021-12-13,Facebook,#MeaslesOutbreak,Neutral,427
2022-02-01,Facebook,#StayHealthy,Neutral,1339
2020-02-22,Facebook,#GetVaccinated,Positive,885
2022-08-07,Twitter,#FluVaccine,Positive,793
2020-05-26,Instagram,#MeaslesOutbreak,Positive,1647
2021-06-04,Facebook,#MeaslesOutbreak,Positive,1311
2020-07-02,Facebook,#FluSeason,Neutral,978
2022-04-25,Twitter,#FluVaccine,Negative,684
2021-09-17,Twitter,#MeaslesOutbreak,Positive,684
2020-11-24,Instagram,#FluVaccine,Neutral,137
2020-01-04,Facebook,#GetVaccinated,Positive,145
2020-10-14,Twitter,#StayHealthy,Negative,852
2022-07-15,Twitter,#MeaslesOutbreak,Neutral,1412
2020-07-07,Facebook,#FluVaccine,Negative,706
2022-08-22,Facebook,#MeaslesOutbreak,Negative,198
2020-06-20,Twitter,#GetVaccinated,Negative,921
2021-12-22,Facebook,#FluVaccine,Neutral,1291
2020-03-06,Twitter,#MeaslesOutbreak,Negative,1119
2022-02-03,Twitter,#MeaslesOutbreak,Negative,1875
2022-03-15,Instagram,#GetVaccinated,Negative,401
2022-07-15,Twitter,#GetVaccinated,Neutral,1658
2020-11-02,Instagram,#FluVaccine,Neutral,1595
2020-04-27,Instagram,#FluSeason,Neutral,1954
2020-07-24,Facebook,#StayHealthy,Neutral,318
2020-08-23,Instagram,#FluVaccine,Positive,1117
2022-08-18,Instagram,#GetVaccinated,Negative,1956
2020-10-07,Facebook,#FluSeason,Neutral,499
2021-06-18,Twitter,#GetVaccinated,Negative,973
2020-01-01,Facebook,#GetVaccinated,Neutral,1795
2022-07-05,Facebook,#GetVaccinated,Negative,531
2021-07-11,Instagram,#FluVaccine,Positive,1375
2020-11-22,Instagram,#StayHealthy,Neutral,1696
2022-09-08,Facebook,#MeaslesOutbreak,Neutral,1895
2022-03-23,Twitter,#MeaslesOutbreak,Neutral,789
2021-02-17,Facebook,#MeaslesOutbreak,Neutral,418
2021-08-24,Facebook,#FluVaccine,Neutral,410
2020-05-10,Twitter,#StayHealthy,Negative,1409
2020-03-27,Instagram,#GetVaccinated,Neutral,762
2020-06-20,Twitter,#MeaslesOutbreak,Negative,919
2021-04-21,Twitter,#FluSeason,Positive,219
2020-03-16,Instagram,#GetVaccinated,Negative,1838
2021-03-27,Instagram,#FluSeason,Positive,434
2021-11-12,Facebook,#FluSeason,Negative,636
2022-09-24,Twitter,#FluVaccine,Neutral,191
2020-04-07,Facebook,#FluSeason,Neutral,1383
2022-06-07,Twitter,#StayHealthy,Neutral,1785
2021-08-06,Facebook,#StayHealthy,Neutral,656
2021-11-30,Instagram,#StayHealthy,Positive,1464
2020-05-27,Instagram,#StayHealthy,Neutral,1555
2022-09-17,Facebook,#FluSeason,Negative,1283
2021-02-08,Instagram,#GetVaccinated,Positive,1310
2020-07-11,Instagram,#FluVaccine,Neutral,747
2020-01-31,Twitter,#MeaslesOutbreak,Positive,1638
2020-04-02,Twitter,#FluVaccine,Negative,184
2020-11-05,Facebook,#FluVaccine,Negative,1669
2020-12-08,Facebook,#FluSeason,Negative,211
2020-11-07,Twitter,#FluSeason,Neutral,1580
2022-03-07,Facebook,#FluSeason,Negative,1685
2020-12-29,Instagram,#FluSeason,Neutral,1698
2021-02-20,Instagram,#MeaslesOutbreak,Neutral,1856
2021-03-15,Twitter,#FluVaccine,Neutral,1221
2020-04-10,Twitter,#FluSeason,Positive,440
2020-07-19,Instagram,#StayHealthy,Neutral,1192
2022-05-10,Facebook,#GetVaccinated,Positive,1999
2020-03-15,Instagram,#FluSeason,Positive,1829
2020-09-30,Twitter,#FluSeason,Negative,698
2020-08-04,Facebook,#MeaslesOutbreak,Negative,1146
2020-08-11,Twitter,#FluSeason,Negative,1892
2020-11-29,Facebook,#GetVaccinated,Positive,1527
2020-12-03,Facebook,#GetVaccinated,Positive,436
2020-09-27,Twitter,#StayHealthy,Positive,196
2021-03-23,Twitter,#GetVaccinated,Negative,1205
2022-03-23,Facebook,#MeaslesOutbreak,Neutral,918
2022-08-02,Instagram,#GetVaccinated,Negative,1846
2020-10-03,Instagram,#FluVaccine,Neutral,1637
2021-08-17,Twitter,#FluSeason,Negative,1473
2022-06-01,Twitter,#GetVaccinated,Positive,1233
2020-10-28,Instagram,#MeaslesOutbreak,Negative,127
2020-01-31,Facebook,#FluVaccine,Neutral,1084
2022-06-26,Twitter,#StayHealthy,Neutral,587
2021-03-31,Facebook,#GetVaccinated,Neutral,718
2022-03-02,Instagram,#GetVaccinated,Negative,1501
2021-01-14,Instagram,#StayHealthy,Positive,1279
2022-08-22,Instagram,#MeaslesOutbreak,Negative,1851
2020-08-17,Instagram,#MeaslesOutbreak,Positive,1980
2022-05-09,Instagram,#GetVaccinated,Positive,1821
2020-09-23,Twitter,#GetVaccinated,Positive,662
2021-11-30,Twitter,#FluVaccine,Positive,722
2020-10-09,Facebook,#GetVaccinated,Negative,1407
2020-05-01,Instagram,#FluVaccine,Positive,1459
2020-08-24,Instagram,#StayHealthy,Neutral,448
2022-08-09,Twitter,#StayHealthy,Neutral,964
2020-11-12,Twitter,#StayHealthy,Positive,361
2022-05-23,Instagram,#StayHealthy,Neutral,643
2021-12-24,Facebook,#GetVaccinated,Positive,785
2022-05-13,Facebook,#FluVaccine,Negative,1291
2022-05-19,Facebook,#FluVaccine,Neutral,624
2022-07-14,Twitter,#MeaslesOutbreak,Negative,1536
2021-04-15,Instagram,#GetVaccinated,Negative,217
2020-09-20,Facebook,#FluVaccine,Positive,1432
2021-03-18,Twitter,#GetVaccinated,Negative,1914
2021-04-11,Twitter,#StayHealthy,Positive,1677
2021-03-24,Twitter,#FluVaccine,Neutral,1392
2020-08-08,Twitter,#GetVaccinated,Positive,1239
2020-07-28,Facebook,#StayHealthy,Negative,947
2021-12-31,Facebook,#GetVaccinated,Negative,355
2022-05-06,Facebook,#StayHealthy,Neutral,1644
2020-12-22,Facebook,#FluVaccine,Positive,735
2021-12-18,Instagram,#FluSeason,Positive,402
2020-01-16,Twitter,#StayHealthy,Neutral,1485
2020-12-24,Facebook,#FluVaccine,Neutral,1342
2021-10-19,Twitter,#GetVaccinated,Negative,1140
2021-06-07,Twitter,#FluVaccine,Neutral,446
2021-08-01,Instagram,#StayHealthy,Positive,153
2022-05-28,Facebook,#MeaslesOutbreak,Neutral,349
2020-03-16,Instagram,#GetVaccinated,Neutral,502
2022-05-30,Instagram,#GetVaccinated,Neutral,725
2020-07-28,Twitter,#FluSeason,Neutral,1881
2020-05-23,Twitter,#StayHealthy,Neutral,708
2020-07-16,Instagram,#StayHealthy,Negative,431
2022-04-23,Instagram,#FluVaccine,Neutral,885
2021-06-10,Facebook,#MeaslesOutbreak,Negative,1012
2021-03-13,Instagram,#StayHealthy,Positive,891
2022-03-20,Twitter,#FluSeason,Neutral,420
2020-01-21,Twitter,#MeaslesOutbreak,Neutral,1778
2021-09-01,Instagram,#FluVaccine,Negative,314
2021-05-09,Instagram,#FluVaccine,Neutral,1586
2022-04-11,Twitter,#FluSeason,Negative,1344
2020-08-01,Twitter,#GetVaccinated,Neutral,474
2021-03-27,Instagram,#MeaslesOutbreak,Neutral,726
2020-10-01,Instagram,#StayHealthy,Negative,927
2021-12-05,Instagram,#GetVaccinated,Neutral,129
2021-04-16,Instagram,#FluVaccine,Positive,969
2020-06-22,Twitter,#GetVaccinated,Negative,1482
2022-05-29,Instagram,#StayHealthy,Negative,711
2020-07-28,Instagram,#StayHealthy,Neutral,896
2021-09-30,Facebook,#FluVaccine,Neutral,1245
2021-12-23,Instagram,#FluSeason,Negative,1769
2021-11-25,Twitter,#MeaslesOutbreak,Neutral,441
2022-01-07,Facebook,#GetVaccinated,Positive,230
2020-06-01,Instagram,#GetVaccinated,Negative,921
2022-06-19,Instagram,#FluVaccine,Neutral,1376
2021-11-28,Facebook,#FluVaccine,Positive,109
2021-02-13,Instagram,#MeaslesOutbreak,Neutral,1538
2022-07-24,Twitter,#FluVaccine,Neutral,493
2021-01-18,Twitter,#StayHealthy,Negative,1354
2020-08-12,Instagram,#MeaslesOutbreak,Positive,1627
2021-03-09,Facebook,#FluSeason,Neutral,1860
2020-05-12,Twitter,#StayHealthy,Negative,1229
2021-01-28,Facebook,#StayHealthy,Negative,1939
2020-04-19,Facebook,#GetVaccinated,Neutral,1885
2020-08-11,Twitter,#StayHealthy,Neutral,1966
2021-07-05,Facebook,#StayHealthy,Neutral,263
2021-08-21,Twitter,#FluSeason,Negative,1514
2020-10-28,Twitter,#MeaslesOutbreak,Neutral,1223
2021-04-08,Twitter,#MeaslesOutbreak,Neutral,706
2022-03-12,Facebook,#FluSeason,Negative,1766
2021-03-17,Facebook,#FluSeason,Positive,1145
2020-11-02,Twitter,#MeaslesOutbreak,Neutral,1230
2022-03-17,Twitter,#GetVaccinated,Positive,1548
2021-05-30,Twitter,#GetVaccinated,Positive,727
2020-07-04,Twitter,#FluVaccine,Positive,797
2020-04-29,Twitter,#GetVaccinated,Neutral,1512
2021-06-27,Twitter,#StayHealthy,Negative,1342
2021-05-15,Twitter,#FluSeason,Neutral,479
2021-07-11,Facebook,#GetVaccinated,Negative,595
2021-10-26,Instagram,#GetVaccinated,Neutral,1773
2021-03-06,Facebook,#FluVaccine,Positive,1593
2021-11-19,Twitter,#MeaslesOutbreak,Neutral,1985
2022-07-12,Twitter,#FluVaccine,Negative,343
2020-09-20,Instagram,#FluVaccine,Negative,1275
2020-06-30,Facebook,#FluSeason,Neutral,1044
2022-01-17,Instagram,#FluVaccine,Negative,1652
2022-02-08,Twitter,#FluSeason,Neutral,1668
2021-04-01,Instagram,#MeaslesOutbreak,Neutral,942
2020-02-05,Twitter,#FluVaccine,Neutral,990
2022-08-31,Instagram,#MeaslesOutbreak,Negative,1106
2022-07-27,Instagram,#MeaslesOutbreak,Positive,1411
2022-07-02,Instagram,#MeaslesOutbreak,Negative,901
2021-11-29,Instagram,#MeaslesOutbreak,Negative,878
2021-02-21,Twitter,#MeaslesOutbreak,Negative,379
2021-09-08,Instagram,#StayHealthy,Negative,463
2022-09-16,Twitter,#MeaslesOutbreak,Negative,312
2021-01-01,Instagram,#FluSeason,Positive,597
2020-06-19,Twitter,#FluSeason,Neutral,1416
2021-09-27,Twitter,#StayHealthy,Negative,1957
2021-12-28,Twitter,#GetVaccinated,Negative,957
2020-02-01,Instagram,#FluSeason,Neutral,1630
2022-08-19,Instagram,#FluSeason,Negative,500
2022-02-07,Twitter,#StayHealthy,Negative,1563
2022-01-03,Twitter,#GetVaccinated,Negative,956
2021-10-14,Instagram,#FluSeason,Positive,1529
2022-05-03,Facebook,#GetVaccinated,Neutral,333
2022-04-27,Instagram,#FluSeason,Positive,1454
2022-04-15,Twitter,#StayHealthy,Positive,437
2021-08-30,Instagram,#MeaslesOutbreak,Neutral,1448
2021-10-03,Instagram,#FluSeason,Neutral,170
2021-07-05,Facebook,#FluVaccine,Neutral,1057
2021-09-01,Facebook,#FluSeason,Positive,1638
2021-08-05,Instagram,#StayHealthy,Negative,374
2021-08-18,Twitter,#MeaslesOutbreak,Positive,1020
2021-11-02,Facebook,#StayHealthy,Neutral,1146
2020-12-30,Twitter,#GetVaccinated,Neutral,453
2021-02-27,Instagram,#GetVaccinated,Positive,846
2021-10-08,Instagram,#GetVaccinated,Neutral,1620
2021-04-14,Instagram,#FluVaccine,Neutral,198
2021-10-02,Twitter,#FluSeason,Negative,1991
2021-08-30,Twitter,#GetVaccinated,Negative,545
2020-02-06,Instagram,#GetVaccinated,Positive,785
2022-07-20,Instagram,#GetVaccinated,Neutral,1436
2022-07-11,Facebook,#FluVaccine,Negative,469
2021-08-09,Instagram,#FluSeason,Negative,1107
2022-02-16,Instagram,#MeaslesOutbreak,Negative,1111
2020-11-25,Twitter,#FluVaccine,Neutral,1455
2020-02-22,Twitter,#FluSeason,Neutral,291
2020-12-26,Twitter,#GetVaccinated,Negative,156
2022-08-20,Facebook,#FluSeason,Neutral,807
2020-03-16,Instagram,#FluSeason,Positive,675
2020-06-29,Twitter,#FluSeason,Neutral,539
2021-08-23,Instagram,#MeaslesOutbreak,Negative,1292
2021-10-05,Twitter,#FluVaccine,Neutral,1922
2020-09-30,Facebook,#GetVaccinated,Negative,1057
2021-03-26,Facebook,#FluSeason,Neutral,656
2021-07-29,Facebook,#StayHealthy,Neutral,1398
2020-06-19,Instagram,#FluVaccine,Negative,520
2021-02-11,Facebook,#GetVaccinated,Neutral,919
2020-07-16,Twitter,#MeaslesOutbreak,Neutral,543
2022-08-15,Instagram,#FluSeason,Positive,1442
2021-07-31,Twitter,#FluVaccine,Negative,878
2021-07-16,Instagram,#FluSeason,Neutral,1094
2022-01-10,Twitter,#FluSeason,Neutral,709
2020-07-20,Facebook,#GetVaccinated,Positive,1548
2020-02-27,Twitter,#GetVaccinated,Neutral,557
2021-04-04,Twitter,#GetVaccinated,Neutral,1404
2020-05-21,Instagram,#StayHealthy,Neutral,1849
2020-10-05,Instagram,#FluSeason,Positive,1552
2021-03-07,Twitter,#StayHealthy,Neutral,759
2022-09-04,Facebook,#StayHealthy,Neutral,1377
2021-11-30,Instagram,#FluSeason,Neutral,632
2021-03-02,Instagram,#FluVaccine,Negative,170
2020-08-11,Instagram,#FluVaccine,Neutral,1118
2020-02-17,Twitter,#GetVaccinated,Neutral,796
2020-11-28,Facebook,#FluVaccine,Neutral,1332
2021-08-26,Facebook,#StayHealthy,Negative,1970
2021-10-12,Twitter,#StayHealthy,Negative,1226
2020-08-06,Instagram,#FluVaccine,Positive,1542
2021-01-30,Twitter,#StayHealthy,Neutral,343
2021-10-04,Twitter,#StayHealthy,Negative,1099
2021-07-06,Facebook,#FluSeason,Neutral,1550
2020-01-10,Facebook,#StayHealthy,Negative,933
2020-07-10,Twitter,#FluVaccine,Neutral,450
2021-01-15,Twitter,#GetVaccinated,Negative,1519
2020-11-03,Facebook,#FluVaccine,Positive,314
2020-12-17,Instagram,#FluSeason,Positive,151
2021-04-16,Instagram,#StayHealthy,Positive,1617
2020-09-21,Facebook,#FluVaccine,Negative,887
2022-04-17,Instagram,#FluVaccine,Positive,918
2021-11-27,Instagram,#StayHealthy,Neutral,643
2021-09-28,Twitter,#FluVaccine,Neutral,972
2021-11-24,Instagram,#FluVaccine,Neutral,1634
2021-11-19,Facebook,#GetVaccinated,Positive,1438
2021-04-02,Facebook,#FluSeason,Positive,199
2020-02-13,Twitter,#GetVaccinated,Positive,958
2022-06-09,Instagram,#GetVaccinated,Negative,523
2022-08-08,Facebook,#FluSeason,Neutral,229
2020-09-27,Twitter,#GetVaccinated,Positive,1362
2020-03-05,Facebook,#FluVaccine,Positive,922
2021-05-12,Facebook,#MeaslesOutbreak,Negative,1457
2021-01-22,Facebook,#FluSeason,Neutral,846
2021-04-16,Facebook,#FluVaccine,Positive,1195
2020-07-15,Instagram,#StayHealthy,Neutral,1648
2021-03-09,Facebook,#GetVaccinated,Neutral,1492
2021-06-29,Facebook,#FluSeason,Positive,349
2022-07-16,Facebook,#MeaslesOutbreak,Neutral,1294
2021-05-12,Twitter,#FluSeason,Positive,1955
2022-08-10,Twitter,#GetVaccinated,Negative,1052
2021-05-21,Twitter,#FluVaccine,Negative,1143
2022-02-16,Facebook,#StayHealthy,Negative,1494
2021-03-04,Facebook,#FluVaccine,Neutral,158
2022-03-21,Facebook,#MeaslesOutbreak,Neutral,1118
2022-04-18,Instagram,#MeaslesOutbreak,Negative,890
2022-02-22,Instagram,#FluVaccine,Neutral,1893
2020-12-24,Facebook,#StayHealthy,Positive,1187
2022-01-14,Instagram,#StayHealthy,Negative,829
2021-10-24,Facebook,#FluVaccine,Neutral,1621
2020-05-20,Facebook,#MeaslesOutbreak,Negative,924
2022-01-05,Twitter,#FluVaccine,Negative,1121
2020-04-05,Twitter,#GetVaccinated,Positive,1224
2022-08-21,Twitter,#FluVaccine,Negative,966
2021-04-30,Instagram,#StayHealthy,Positive,790
2021-07-08,Instagram,#GetVaccinated,Neutral,1101
2021-03-04,Instagram,#StayHealthy,Negative,1354
2020-12-30,Facebook,#MeaslesOutbreak,Neutral,204
2020-01-29,Facebook,#MeaslesOutbreak,Neutral,534
2022-01-07,Twitter,#GetVaccinated,Neutral,1049
2020-10-31,Twitter,#FluVaccine,Neutral,533
2022-09-06,Facebook,#StayHealthy,Negative,1474
2022-02-19,Twitter,#FluSeason,Positive,758
2020-09-15,Instagram,#FluSeason,Positive,721
2021-10-17,Instagram,#MeaslesOutbreak,Neutral,262
2021-04-15,Facebook,#FluSeason,Negative,212
2021-03-21,Twitter,#MeaslesOutbreak,Positive,1622
2020-07-10,Twitter,#FluVaccine,Neutral,1616
